vVirusNameCorrected,vOrder,vFamily,vSubfamily,vGenus,vIsTypeSpecies,vICTVnumber,ReverseZoonoses,IsHoSa,IsHoSa.stringent,vGenomeMinLength,vGenomeMaxLength,vGenomeAveLength,vWOKcites,vPubMedCites,vCytoReplicTF,vSegmentedTF,vVectorYNna,vSSoDS,vDNAoRNA,vEnvelope,IsZoonotic,IsZoonotic.stringent
Adelaide_River_virus,Mononegavirales,Rhabdoviridae,NA,Ephemerovirus,0,NA,0,0,0,NA,NA,14627,6,7,TRUE,FALSE,Y,SS,RNA,enveloped,0,0
Adeno-associated_virus-1,Unassigned,Parvoviridae,Parvovirinae,Dependovirus,0,00.050.1.03.002.,0,1,0,NA,NA,4718,54,14,FALSE,FALSE,NA,SS,DNA,non-enveloped,1,0
Adeno-associated_virus-2,Unassigned,Parvoviridae,Parvovirinae,Dependovirus,1,00.050.1.03.001.,1,1,1,NA,NA,4679,573,381,FALSE,FALSE,NA,SS,DNA,non-enveloped,1,0
Adeno-associated_virus-5,Unassigned,Parvoviridae,Parvovirinae,Dependovirus,0,NA,0,1,1,NA,NA,4642,4,4,FALSE,FALSE,NA,SS,DNA,non-enveloped,0,0
African_green_monkey_polyomavirus,Unassigned,Polyomaviridae,NA,Polyomavirus,NA,NA,0,1,0,NA,NA,5270,1,0,TRUE,FALSE,N,DS,DNA,non-enveloped,1,0
African_green_monkey_simian_foamy_virus,Unassigned,Retroviridae,Spumaretrovirinae,Spumavirus,0,00.061.2.07.007.00.003.,0,0,0,NA,NA,13111,1,14,FALSE,FALSE,N,SS,RNA,enveloped,0,0
African_horse_sickness_virus,Unassigned,Reoviridae,Sedoreovirinae,Orbivirus,0,00.060.0.02.002.,0,0,0,NA,NA,19200,418,291,TRUE,TRUE,Y,DS,RNA,non-enveloped,0,0
African_swine_fever_virus,Unassigned,Asfarviridae,NA,Asfivirus,1,00.002.0.01.001.,0,0,0,170000,190000,170101,969,789,TRUE,FALSE,Y,DS,DNA,enveloped,0,0
Aichi_virus,Picornavirales,Picornaviridae,NA,Kobuvirus,1,NA,0,1,1,8244,8280,8262,100,80,TRUE,FALSE,N,SS,RNA,non-enveloped,0,0
Akabane_virus,Unassigned,Bunyaviridae,NA,Orthobunyavirus,0,00.011.0.01.003.,0,0,0,NA,NA,12035,232,126,TRUE,TRUE,Y,SS,RNA,enveloped,0,0
Alcelaphine_herpesvirus_1,Herpesvirales,Herpesviridae,Gammaherpesvirinae,Rhadinovirus,0,NA,0,0,0,NA,NA,130608,102,88,FALSE,FALSE,N,DS,DNA,enveloped,0,0
Alcelaphine_herpesvirus_2,Herpesvirales,Herpesviridae,Gammaherpesvirinae,Rhadinovirus,0,NA,0,0,0,NA,NA,135000,2,3,FALSE,FALSE,N,DS,DNA,enveloped,0,0
Aleutian_mink_disease_virus,Unassigned,Parvoviridae,Parvovirinae,Amdovirus,1,NA,0,1,0,NA,NA,4801,204,195,FALSE,FALSE,NA,SS,DNA,non-enveloped,1,0
Allpaahuayo_virus,Unassigned,Arenaviridae,NA,Arenavirus,0,NA,0,0,0,NA,NA,10435,1,1,TRUE,TRUE,N,SS,RNA,enveloped,0,0
Amapari_virus,Unassigned,Arenaviridae,NA,Arenavirus,0,00.003.0.01.007.,0,0,0,NA,NA,10387,9,5,TRUE,TRUE,N,SS,RNA,enveloped,0,0
Andes_virus,Unassigned,Bunyaviridae,NA,Hantavirus,0,00.011.0.02.,0,1,1,NA,NA,10233,157,95,TRUE,TRUE,N,SS,RNA,enveloped,1,1
Anopheles_A_virus,Unassigned,Bunyaviridae,NA,Orthobunyavirus,0,00.011.0.01.005.,0,1,1,12300,12450,12375,13,5,TRUE,TRUE,Y,SS,RNA,enveloped,1,1
Anopheles_B_virus,Unassigned,Bunyaviridae,NA,Orthobunyavirus,0,00.011.0.01.006.,0,0,0,12300,12450,12375,13,5,TRUE,TRUE,Y,SS,RNA,enveloped,0,0
Apoi_virus,Unassigned,Flaviviridae,NA,Flavivirus,0,NA,0,0,0,NA,NA,10116,2,1,TRUE,FALSE,Y,SS,RNA,enveloped,0,0
Araguari_virus,Unassigned,Unassigned,NA,Unassigned,0,NA,0,0,0,NA,NA,NA,2,2,FALSE,FALSE,Y,SS,RNA,enveloped,0,0
Aravan_virus,Mononegavirales,Rhabdoviridae,NA,Lyssavirus,Tentative in genus,NA,0,0,0,NA,NA,11918,10,4,TRUE,FALSE,N,SS,RNA,enveloped,0,0
Arctic_squirrel_hepatitis_virus,Unassigned,Hepadnaviridae,NA,Orthohepadnavirus,Tentative in genus,NA,0,0,0,NA,NA,3302,1,1,FALSE,FALSE,N,DS,DNA,enveloped,0,0
Aroa_virus,Unassigned,Flaviviridae,NA,Flavivirus,0,NA,0,1,1,NA,NA,10248,1,0,TRUE,FALSE,Y,SS,RNA,enveloped,1,1
Arumowot_virus,Unassigned,Bunyaviridae,NA,Phlebovirus,Tentative in genus,NA,0,0,0,NA,NA,12262,1,2,TRUE,TRUE,Y,SS,RNA,enveloped,0,0
Ateline_herpesvirus_1,Herpesvirales,Herpesviridae,Alphaherpesvirinae,Simplexvirus,0,NA,0,0,0,NA,NA,152000,0,0,FALSE,FALSE,N,DS,DNA,enveloped,0,0
Ateline_herpesvirus_2,Herpesvirales,Herpesviridae,Gammaherpesvirinae,Rhadinovirus,0,00.031.3.02.002.,0,0,0,NA,NA,112000,7,2,FALSE,FALSE,N,DS,DNA,enveloped,0,0
Aura_virus,Unassigned,Togaviridae,NA,Alphavirus,0,00.073.0.01.002.,0,1,0,NA,NA,11824,18,13,TRUE,FALSE,Y,SS,RNA,enveloped,1,0
Australian_bat_lyssavirus,Mononegavirales,Rhabdoviridae,NA,Lyssavirus,0,01.062.0.02.,0,1,1,NA,NA,11822,75,59,TRUE,FALSE,N,SS,RNA,enveloped,1,1
Baboon_orthoreovirus,Unassigned,Reoviridae,NA,Orthoreovirus,0,NA,0,0,0,887,3903,22435,0,0,TRUE,TRUE,N,DS,RNA,non-enveloped,0,0
Baboon_polyomavirus_2,Unassigned,Polyomaviridae,NA,Polyomavirus,NA,NA,0,0,0,NA,NA,5181,0,0,TRUE,FALSE,N,DS,DNA,non-enveloped,0,0
Bakau_virus,Unassigned,Bunyaviridae,NA,Orthobunyavirus,0,00.011.0.01.007.,0,0,0,12300,12450,12375,1,3,TRUE,TRUE,Y,SS,RNA,enveloped,0,0
Bangui_virus,Unassigned,Bunyaviridae,NA,Unassigned,0,NA,0,1,1,NA,NA,NA,1,0,TRUE,TRUE,Y,SS,RNA,enveloped,0,0
Banna_virus,Unassigned,Reoviridae,Sedoreovirinae,Seadornavirus,1,NA,0,1,1,12300,12450,12375,34,22,TRUE,TRUE,Y,DS,RNA,non-enveloped,1,1
Banzi_virus,Unassigned,Flaviviridae,NA,Flavivirus,0,NA,0,1,1,NA,NA,10182,48,22,TRUE,FALSE,Y,SS,RNA,enveloped,1,1
Barmah_Forest_virus,Unassigned,Togaviridae,NA,Alphavirus,0,00.073.0.01.004.,0,1,1,NA,NA,11488,118,65,TRUE,FALSE,Y,SS,RNA,enveloped,1,0
Barur_virus,Mononegavirales,Rhabdoviridae,NA,Unassigned,0,NA,0,0,0,NA,NA,NA,1,2,FALSE,FALSE,N,SS,RNA,enveloped,0,0
Bayou_virus,Unassigned,Bunyaviridae,NA,Hantavirus,0,NA,0,1,1,3677,NA,12155,13,8,TRUE,TRUE,N,SS,RNA,enveloped,1,1
Bear_Canyon_virus,Unassigned,Arenaviridae,NA,Arenavirus,0,NA,0,0,0,NA,NA,10441,2,2,TRUE,TRUE,N,SS,RNA,enveloped,0,0
Bebaru_virus,Unassigned,Togaviridae,NA,Alphavirus,0,00.073.0.01.005.,0,1,1,NA,NA,11700,3,3,TRUE,FALSE,Y,SS,RNA,enveloped,0,0
Berrimah_virus,Mononegavirales,Rhabdoviridae,NA,Ephemerovirus,0,NA,0,0,0,NA,NA,15024,2,2,TRUE,FALSE,Y,SS,RNA,enveloped,0,0
Bhanja_virus,Unassigned,Bunyaviridae,NA,Unassigned,0,00.011.0.00.104.,0,1,0,10500,22700,16600,68,43,TRUE,TRUE,Y,SS,RNA,enveloped,1,0
Bimiti_virus,Unassigned,Bunyaviridae,NA,Orthobunyavirus,0,NA,0,0,0,NA,NA,12102,5,3,TRUE,TRUE,Y,SS,RNA,enveloped,0,0
Bivens_Arm_virus,Mononegavirales,Rhabdoviridae,NA,Unassigned,0,NA,0,0,0,NA,NA,NA,2,2,TRUE,FALSE,N,SS,RNA,enveloped,0,0
BK_polyomavirus,Unassigned,Polyomaviridae,NA,Polyomavirus,0,NA,0,1,1,5133,5380,5256.5,148,110,TRUE,FALSE,N,DS,DNA,non-enveloped,0,0
Black_Creek_Canal_virus,Unassigned,Bunyaviridae,NA,Hantavirus,0,NA,0,1,1,NA,NA,15450,15,12,TRUE,TRUE,N,SS,RNA,enveloped,1,1
Bluetongue_virus,Unassigned,Reoviridae,Sedoreovirinae,Orbivirus,1,00.060.0.02.001.,0,0,0,NA,NA,19200,2679,1789,TRUE,TRUE,Y,DS,RNA,non-enveloped,0,0
Border_disease_virus,Unassigned,Flaviviridae,NA,Pestivirus,0,NA,0,0,0,NA,NA,12333,306,252,TRUE,FALSE,N,SS,RNA,enveloped,0,0
Borna_disease_virus,Mononegavirales,Bornaviridae,NA,Bornavirus,1,01.081.0.01.001.,0,1,0,NA,NA,8910,1038,718,FALSE,FALSE,N,SS,RNA,enveloped,1,0
Bouboui_virus,Unassigned,Flaviviridae,NA,Flavivirus,0,NA,0,1,1,NA,NA,10173,3,2,TRUE,FALSE,Y,SS,RNA,enveloped,1,1
Bovine_adenovirus_A,Unassigned,Adenoviridae,NA,Mastadenovirus,0,00.001.0.01.002.,0,0,0,NA,NA,34185,393,2,FALSE,FALSE,N,DS,DNA,non-enveloped,0,0
Bovine_adenovirus_B,Unassigned,Adenoviridae,NA,Mastadenovirus,0,00.001.0.01.003.,0,0,0,NA,NA,34446,5,1,FALSE,FALSE,N,DS,DNA,non-enveloped,0,0
Bovine_adenovirus_C,Unassigned,Adenoviridae,NA,Mastadenovirus,0,00.001.0.01.004.,0,0,0,NA,NA,35500,1,1,FALSE,FALSE,N,DS,DNA,non-enveloped,0,0
Bovine_adenovirus_D,Unassigned,Adenoviridae,NA,Atadenovirus,0,00.001.0.03.003.,0,0,0,NA,NA,31301,1,1,FALSE,FALSE,N,DS,DNA,non-enveloped,0,0
Bovine_adenovirus_E,Unassigned,Adenoviridae,NA,Atadenovirus,Tentative in genus,00.001.0.03.004.,0,0,0,NA,NA,30000,2,2,FALSE,FALSE,N,DS,DNA,non-enveloped,0,0
Bovine_astrovirus,Unassigned,Astroviridae,NA,Mamastrovirus,0,00.005.0.01.002.,0,0,0,6233,6530,6322.33,6,7,TRUE,FALSE,N,SS,RNA,non-enveloped,0,0
Bovine_coronavirus,Nidovirales,Coronaviridae,NA,Coronavirus,0,03.019.0.01.002.,0,0,0,NA,NA,31028,599,408,TRUE,FALSE,N,SS,RNA,enveloped,0,0
Bovine_enteric_calicivirus_strain_NB,Unassigned,Caliciviridae,NA,Unassigned,0,NA,0,0,0,NA,NA,7453,0,0,TRUE,FALSE,N,SS,RNA,non-enveloped,0,0
Bovine_ephemeral_fever_virus,Mononegavirales,Rhabdoviridae,NA,Ephemerovirus,1,01.062.0.03.001.,0,0,0,NA,NA,14900,162,96,TRUE,FALSE,Y,SS,RNA,enveloped,0,0
Bovine_foamy_virus,Unassigned,Retroviridae,Spumaretrovirinae,Spumavirus,0,NA,0,0,0,NA,NA,12002,20,20,FALSE,FALSE,N,SS,RNA,enveloped,0,0
Bovine_herpesvirus_1,Herpesvirales,Herpesviridae,Alphaherpesvirinae,Varicellovirus,0,NA,0,0,0,NA,NA,140000,1317,2065,FALSE,FALSE,N,DS,DNA,enveloped,0,0
Bovine_herpesvirus_2,Herpesvirales,Herpesviridae,Alphaherpesvirinae,Simplexvirus,0,NA,0,0,0,NA,NA,133000,37,132,FALSE,FALSE,N,DS,DNA,enveloped,0,0
Bovine_herpesvirus_4,Herpesvirales,Herpesviridae,Gammaherpesvirinae,Rhadinovirus,0,NA,0,0,0,NA,NA,145000,168,163,FALSE,FALSE,N,DS,DNA,enveloped,0,0
Bovine_herpesvirus_5,Herpesvirales,Herpesviridae,Alphaherpesvirinae,Varicellovirus,0,NA,0,0,0,NA,NA,140000,78,85,FALSE,FALSE,N,DS,DNA,enveloped,0,0
Bovine_immunodeficiency_virus,Unassigned,Retroviridae,Orthoretrovirinae,Lentivirus,0,00.061.1.06.002.,0,0,0,NA,NA,8482,327,236,FALSE,FALSE,N,SS,RNA,enveloped,0,0
Bovine_leukemia_virus,Unassigned,Retroviridae,Orthoretrovirinae,Deltaretrovirus,1,00.061.1.05.001.,0,1,0,NA,NA,8419,1886,1643,FALSE,FALSE,N,SS,RNA,enveloped,1,0
Bovine_norovirus-CH126,Unassigned,Caliciviridae,NA,Norovirus,Tentative in genus,NA,0,0,0,NA,NA,7800,0,0,TRUE,FALSE,N,SS,RNA,non-enveloped,0,0
Bovine_norovirus-Jena,Unassigned,Caliciviridae,NA,Norovirus,Tentative in genus,NA,0,0,0,NA,NA,7338,0,0,TRUE,FALSE,N,SS,RNA,non-enveloped,0,0
Bovine_papillomavirus_1,Unassigned,Papillomaviridae,NA,Deltapapillomavirus,0,NA,0,0,0,NA,NA,7945,47,1013,FALSE,FALSE,N,DS,DNA,non-enveloped,0,0
Bovine_papillomavirus_3,Unassigned,Papillomaviridae,NA,Xipapillomavirus,1,NA,0,0,0,NA,NA,7276,2,0,FALSE,FALSE,N,DS,DNA,non-enveloped,0,0
Bovine_papillomavirus_5,Unassigned,Papillomaviridae,NA,Epsilonpapillomavirus,1,NA,0,0,0,NA,NA,7841,0,1,FALSE,FALSE,N,DS,DNA,non-enveloped,0,0
Bovine_papular_stomatitis_virus,Unassigned,Poxviridae,Chordopoxvirinae,Parapoxvirus,0,NA,0,1,1,NA,NA,134431,41,29,TRUE,FALSE,N,DS,DNA,enveloped,1,1
Bovine_parainfluenza_virus_3,Mononegavirales,Paramyxoviridae,Paramyxovirinae,Respirovirus,0,NA,0,0,0,15456,15480,15468,19,68,TRUE,FALSE,N,SS,RNA,enveloped,0,0
Bovine_parvovirus,Unassigned,Parvoviridae,Parvovirinae,Bocavirus,1,NA,0,0,0,NA,NA,5517,119,104,FALSE,FALSE,NA,SS,DNA,non-enveloped,0,0
Bovine_polyomavirus,Unassigned,Polyomaviridae,NA,Polyomavirus,NA,NA,0,0,0,NA,NA,4697,24,19,TRUE,FALSE,N,DS,DNA,non-enveloped,0,0
Bovine_respiratory_syncytial_virus,Mononegavirales,Paramyxoviridae,Pneumovirinae,Pneumovirus,0,NA,0,0,0,NA,NA,15140,593,601,TRUE,FALSE,N,SS,RNA,enveloped,0,0
Bovine_torovirus,Nidovirales,Coronaviridae,Torovirinae,Torovirus,0,03.019.0.02.002.,0,0,0,NA,NA,28475,34,25,TRUE,FALSE,N,SS,RNA,enveloped,0,0
Bovine_viral_diarrhea_virus_1,Unassigned,Flaviviridae,NA,Pestivirus,1,00.026.0.02.001.,0,0,0,NA,NA,12573,170,184,TRUE,FALSE,N,SS,RNA,enveloped,0,0
Bovine_viral_diarrhea_virus_2,Unassigned,Flaviviridae,NA,Pestivirus,0,NA,0,0,0,NA,NA,12255,170,161,TRUE,FALSE,N,SS,RNA,enveloped,0,0
Bubaline_herpesvirus_1,Herpesvirales,Herpesviridae,Alphaherpesvirinae,Varicellovirus,0,NA,0,0,0,NA,NA,125000,5,4,FALSE,FALSE,N,DS,DNA,enveloped,0,0
Bujaru_virus,Unassigned,Bunyaviridae,NA,Phlebovirus,0,00.011.0.04.002.,0,0,0,11400,14700,13050,1,1,TRUE,TRUE,Y,SS,RNA,enveloped,0,0
Bukalasa_bat_virus,Unassigned,Flaviviridae,NA,Flavivirus,0,NA,0,0,0,NA,NA,10500,2,1,TRUE,FALSE,Y,SS,RNA,enveloped,0,0
Bunyamwera_virus,Unassigned,Bunyaviridae,NA,Orthobunyavirus,1,00.011.0.01.001.,0,1,1,NA,NA,12300,335,253,TRUE,TRUE,Y,SS,RNA,enveloped,1,1
Bwamba_virus,Unassigned,Bunyaviridae,NA,Orthobunyavirus,0,00.011.0.01.015.,0,1,1,12370,12587,12477.5,9,8,TRUE,TRUE,Y,SS,RNA,enveloped,0,0
Cabassou_virus,Unassigned,Togaviridae,NA,Alphavirus,0,00.073.0.01.030.,0,0,0,NA,NA,11500,2,2,TRUE,FALSE,Y,SS,RNA,enveloped,0,0
Cacipacore_virus,Unassigned,Flaviviridae,NA,Flavivirus,0,NA,0,1,1,NA,NA,10284,2,2,TRUE,FALSE,Y,SS,RNA,enveloped,0,0
California_encephalitis_virus,Unassigned,Bunyaviridae,NA,Orthobunyavirus,0,00.011.0.01.016.,0,1,1,12300,12450,12375,401,472,TRUE,TRUE,Y,SS,RNA,enveloped,1,1
Callitrichine_herpesvirus_1,Herpesvirales,Herpesviridae,Gammaherpesvirinae,Unassigned,0,NA,0,0,0,NA,NA,NA,0,0,FALSE,FALSE,N,DS,DNA,enveloped,0,0
Callitrichine_herpesvirus_3,Herpesvirales,Herpesviridae,Gammaherpesvirinae,Lymphocryptovirus,0,NA,0,0,0,NA,NA,149696,4,4,FALSE,FALSE,N,DS,DNA,enveloped,0,0
Camelpox_virus,Unassigned,Poxviridae,Chordopoxvirinae,Orthopoxvirus,0,NA,0,1,0,NA,NA,205719,71,51,TRUE,FALSE,N,DS,DNA,enveloped,1,0
Canid_herpesvirus_1,Herpesvirales,Herpesviridae,Alphaherpesvirinae,Varicellovirus,0,NA,0,0,0,NA,NA,125171,101,122,FALSE,FALSE,N,DS,DNA,enveloped,0,0
Canine_adenovirus,Unassigned,Adenoviridae,NA,Mastadenovirus,0,00.001.0.01.005.,0,0,0,NA,NA,30536,376,265,FALSE,FALSE,N,DS,DNA,non-enveloped,0,0
Canine_calicivirus,Unassigned,Caliciviridae,NA,Unassigned,0,NA,0,0,0,NA,NA,8513,21,21,TRUE,FALSE,N,SS,RNA,non-enveloped,0,0
Canine_coronavirus,Nidovirales,Coronaviridae,NA,Coronavirus,0,03.019.0.01.003.,0,0,0,27000,33000,30000,325,192,TRUE,FALSE,N,SS,RNA,enveloped,0,0
Canine_distemper_virus,Mononegavirales,Paramyxoviridae,Paramyxovirinae,Morbillivirus,0,NA,0,1,1,NA,NA,15690,1804,1372,TRUE,FALSE,N,SS,RNA,enveloped,1,1
Canine_minute_virus,Unassigned,Parvoviridae,Parvovirinae,Bocavirus,0,NA,0,0,0,NA,NA,5097,17,11,FALSE,FALSE,NA,SS,DNA,non-enveloped,0,0
Canine_oral_papillomavirus,Unassigned,Papillomaviridae,NA,Lambdapapillomavirus,1,NA,0,0,0,NA,NA,8607,71,46,FALSE,FALSE,N,DS,DNA,non-enveloped,0,0
Cano_Delgadito_virus,Unassigned,Bunyaviridae,NA,Hantavirus,0,NA,0,0,0,NA,NA,11811,6,5,TRUE,TRUE,N,SS,RNA,enveloped,0,0
Caprine_arthritis_encephalitis_virus,Unassigned,Retroviridae,Orthoretrovirinae,Lentivirus,0,00.061.1.06.007.,0,0,0,NA,NA,9189,529,396,FALSE,FALSE,NA,SS,RNA,enveloped,0,0
Caprine_herpesvirus_1,Herpesvirales,Herpesviridae,Alphaherpesvirinae,Varicellovirus,0,NA,0,0,0,NA,NA,125000,55,57,FALSE,FALSE,N,DS,DNA,enveloped,0,0
Caraparu_virus,Unassigned,Bunyaviridae,NA,Orthobunyavirus,0,00.011.0.01.018.,0,1,1,12300,12450,12375,16,7,TRUE,TRUE,Y,SS,RNA,enveloped,1,1
Carey_Island_virus,Unassigned,Flaviviridae,NA,Flavivirus,0,NA,0,0,0,NA,NA,10500,2,1,TRUE,FALSE,Y,SS,RNA,enveloped,0,0
Catu_virus,Unassigned,Bunyaviridae,NA,Orthobunyavirus,0,NA,0,1,1,NA,NA,12024,4,3,TRUE,TRUE,Y,SS,RNA,enveloped,1,1
Caviid_herpesvirus_1,Herpesvirales,Herpesviridae,NA,Ictalurivirus,0,NA,0,0,0,NA,NA,134000,1,1,FALSE,FALSE,N,DS,DNA,enveloped,0,0
Caviid_herpesvirus_2,Herpesvirales,Herpesviridae,Betaherpesvirinae,Unassigned,0,NA,0,0,0,NA,NA,232678,0,0,FALSE,FALSE,N,DS,DNA,enveloped,0,0
Caviid_herpesvirus_3,Herpesvirales,Herpesviridae,NA,Ictalurivirus,0,NA,0,0,0,NA,NA,134000,1,1,FALSE,FALSE,N,DS,DNA,enveloped,0,0
Cercopithecine_herpesvirus_1,Herpesvirales,Herpesviridae,Alphaherpesvirinae,Simplexvirus,0,NA,0,1,1,NA,NA,156789,90,251,FALSE,FALSE,N,DS,DNA,enveloped,1,1
Cercopithecine_herpesvirus_12,Herpesvirales,Herpesviridae,Gammaherpesvirinae,Lymphocryptovirus,0,NA,0,0,0,NA,NA,170000,3,3,FALSE,FALSE,N,DS,DNA,enveloped,0,0
Cercopithecine_herpesvirus_14,Herpesvirales,Herpesviridae,Gammaherpesvirinae,Lymphocryptovirus,0,NA,0,0,0,NA,NA,180000,0,0,FALSE,FALSE,N,DS,DNA,enveloped,0,0
Cercopithecine_herpesvirus_15,Herpesvirales,Herpesviridae,Gammaherpesvirinae,Lymphocryptovirus,0,NA,0,0,0,NA,NA,171096,2,3,FALSE,FALSE,N,DS,DNA,enveloped,0,0
Cercopithecine_herpesvirus_16,Herpesvirales,Herpesviridae,Alphaherpesvirinae,Simplexvirus,0,NA,0,0,0,NA,NA,156487,4,4,FALSE,FALSE,N,DS,DNA,enveloped,0,0
Cercopithecine_herpesvirus_17,Herpesvirales,Herpesviridae,Gammaherpesvirinae,Rhadinovirus,0,NA,0,0,0,NA,NA,133719,1,1,FALSE,FALSE,N,DS,DNA,enveloped,0,0
Cercopithecine_herpesvirus_2,Herpesvirales,Herpesviridae,Alphaherpesvirinae,Simplexvirus,0,NA,0,0,0,NA,NA,150000,23,4,FALSE,FALSE,N,DS,DNA,enveloped,0,0
Cercopithecine_herpesvirus_5,Herpesvirales,Herpesviridae,Betaherpesvirinae,Cytomegalovirus,0,NA,0,0,0,NA,NA,226205,1,1,FALSE,FALSE,N,DS,DNA,enveloped,0,0
Cercopithecine_herpesvirus_8,Herpesvirales,Herpesviridae,Betaherpesvirinae,Cytomegalovirus,0,NA,0,0,0,NA,NA,221454,1,1,FALSE,FALSE,N,DS,DNA,enveloped,0,0
Cercopithecine_herpesvirus_9,Herpesvirales,Herpesviridae,Alphaherpesvirinae,Varicellovirus,0,NA,0,0,0,NA,NA,124784,1,1,FALSE,FALSE,N,DS,DNA,enveloped,0,0
Cervid_herpesvirus_1,Herpesvirales,Herpesviridae,Alphaherpesvirinae,Varicellovirus,0,NA,0,0,0,NA,NA,125000,10,9,FALSE,FALSE,N,DS,DNA,enveloped,0,0
Cervid_herpesvirus_2,Herpesvirales,Herpesviridae,Alphaherpesvirinae,Varicellovirus,0,NA,0,0,0,NA,NA,125000,10,10,FALSE,FALSE,N,DS,DNA,enveloped,0,0
Cetacean_morbillivirus_virus,Mononegavirales,Paramyxoviridae,Paramyxovirinae,Morbillivirus,0,NA,0,0,0,NA,NA,15702,0,0,TRUE,FALSE,N,SS,RNA,enveloped,0,0
Chagres_virus,Unassigned,Bunyaviridae,NA,Phlebovirus,Tentative in genus,NA,0,1,1,NA,NA,12602,4,4,TRUE,TRUE,Y,SS,RNA,enveloped,0,0
Chandipura_virus,Mononegavirales,Rhabdoviridae,NA,Vesiculovirus,0,NA,0,1,1,NA,NA,11049,113,83,TRUE,FALSE,Y,SS,RNA,enveloped,1,1
Candiru_virus,Unassigned,Bunyaviridae,NA,Phlebovirus,0,00.011.0.04.003.,0,1,1,12094,12831,12531,1,1,TRUE,TRUE,Y,SS,RNA,enveloped,0,0
Changuinola_virus,Unassigned,Reoviridae,Sedoreovirinae,Orbivirus,0,00.060.0.02.004.,0,1,1,NA,NA,19200,4,3,TRUE,TRUE,Y,DS,RNA,non-enveloped,1,1
Chikungunya_virus,Unassigned,Togaviridae,NA,Alphavirus,0,00.073.0.01.007.,0,1,1,NA,NA,11826,1334,1088,TRUE,FALSE,Y,SS,RNA,enveloped,1,1
Chipmunk_parvovirus,Unassigned,Parvoviridae,NA,Erythrovirus,Tentative in genus,NA,0,0,0,NA,NA,NA,1,1,FALSE,FALSE,N,SS,DNA,non-enveloped,0,0
Chobar_Gorge_virus,Unassigned,Reoviridae,Sedoreovirinae,Orbivirus,0,00.060.0.02.006.,0,0,0,NA,NA,19200,1,1,TRUE,TRUE,Y,DS,RNA,non-enveloped,0,0
Classical_swine_fever_virus,Unassigned,Flaviviridae,NA,Pestivirus,0,NA,0,0,0,12183,12298,12240.5,1353,1164,TRUE,FALSE,N,SS,RNA,enveloped,0,0
Cocal_virus,Mononegavirales,Rhabdoviridae,NA,Vesiculovirus,0,NA,0,0,0,NA,NA,11003,21,19,TRUE,FALSE,Y,SS,RNA,enveloped,0,0
Colorado_tick_fever_virus,Unassigned,Reoviridae,Spinareovirinae,Coltivirus,1,00.060.0.04.001.,0,1,1,25000,27000,26000,115,77,TRUE,TRUE,Y,DS,RNA,non-enveloped,1,1
Corriparta_virus,Unassigned,Reoviridae,Sedoreovirinae,Orbivirus,0,00.060.0.02.007.,0,1,0,NA,NA,19200,9,4,TRUE,TRUE,Y,DS,RNA,non-enveloped,1,0
Cote_d'Ivoire_ebolavirus,Mononegavirales,Filoviridae,NA,Ebolavirus,0,NA,0,1,1,NA,NA,18935,1,1,TRUE,FALSE,N,SS,RNA,enveloped,1,1
Cottontail_rabbit_papillomavirus,Unassigned,Papillomaviridae,NA,Kappapapillomavirus,1,00.099.0.11.001.,0,0,0,NA,NA,7868,451,248,FALSE,FALSE,N,DS,DNA,non-enveloped,0,0
Cowbone_Ridge_virus,Unassigned,Flaviviridae,NA,Flavivirus,0,NA,0,0,0,NA,NA,10500,1,1,TRUE,FALSE,Y,SS,RNA,enveloped,0,0
Cowpox_virus,Unassigned,Poxviridae,Chordopoxvirinae,Orthopoxvirus,0,NA,0,1,1,225136,220915,223025.5,864,575,TRUE,FALSE,N,DS,DNA,enveloped,1,1
Cricetid_herpesvirus,Herpesvirales,Herpesviridae,NA,Ictalurivirus,0,NA,0,0,0,123913,124335,124194.33,1,1,FALSE,FALSE,N,DS,DNA,enveloped,0,0
Crimean-Congo_hemorrhagic_fever_virus,Unassigned,Bunyaviridae,NA,Nairovirus,0,00.011.0.03.002.,0,1,1,17100,22800,19950,403,412,TRUE,TRUE,Y,SS,RNA,enveloped,1,1
Cupixi_virus,Unassigned,Arenaviridae,NA,Arenavirus,0,NA,0,0,0,NA,NA,10438,1,1,TRUE,TRUE,N,SS,RNA,enveloped,0,0
Dakar_bat_virus,Unassigned,Flaviviridae,NA,Flavivirus,0,NA,0,0,0,NA,NA,10500,5,2,TRUE,FALSE,Y,SS,RNA,enveloped,0,0
Deer_adenovirus,Unassigned,Adenoviridae,NA,Atadenovirus,0,00.001.0.03.006.,0,0,0,NA,NA,30000,9,9,FALSE,FALSE,NA,DS,DNA,non-enveloped,0,0
Deer_papillomavirus,Unassigned,Papillomaviridae,NA,Deltapapillomavirus,0,NA,0,0,0,NA,NA,8374,5,12,FALSE,FALSE,N,DS,DNA,non-enveloped,0,0
Dengue_virus,Unassigned,Flaviviridae,NA,Flavivirus,0,00.026.0.01.013.,0,1,1,10649,10735,10692,6911,4902,TRUE,FALSE,Y,SS,RNA,enveloped,1,1
Dera_Ghazi_Khan_virus,Unassigned,Bunyaviridae,NA,Nairovirus,0,00.011.0.03.003.,0,1,0,18208,18505,18356.5,2,2,TRUE,TRUE,Y,SS,RNA,enveloped,1,0
Dhori_virus,Unassigned,Orthomyxoviridae,NA,Thogotovirus,0,00.046.0.03.002.,0,1,0,NA,NA,10000,52,20,FALSE,TRUE,Y,SS,RNA,enveloped,1,0
Dobrava-Belgrade_virus,Unassigned,Bunyaviridae,NA,Hantavirus,0,NA,0,1,1,NA,NA,11851,26,22,TRUE,TRUE,N,SS,RNA,enveloped,1,1
Dugbe_virus,Unassigned,Bunyaviridae,NA,Nairovirus,1,00.011.0.03.001.,0,1,0,17100,22800,19950,65,38,TRUE,TRUE,Y,SS,RNA,enveloped,1,0
Duvenhage_virus,Mononegavirales,Rhabdoviridae,NA,Lyssavirus,0,NA,0,1,1,NA,NA,11976,41,25,TRUE,FALSE,NA,SS,RNA,enveloped,1,1
Eastern_equine_encephalitis_virus,Unassigned,Togaviridae,NA,Alphavirus,0,00.073.0.01.008.,0,1,0,NA,NA,11675,437,415,TRUE,FALSE,Y,SS,RNA,enveloped,1,0
Ectromelia_virus,Unassigned,Poxviridae,Chordopoxvirinae,Orthopoxvirus,0,NA,0,0,0,NA,NA,209771,345,476,TRUE,FALSE,N,DS,DNA,enveloped,0,0
El_Moro_Canyon_virus,Unassigned,Bunyaviridae,NA,Hantavirus,0,NA,0,0,0,NA,NA,15450,5,4,TRUE,TRUE,N,SS,RNA,enveloped,0,0
Encephalomyocarditis_virus,Picornavirales,Picornaviridae,NA,Cardiovirus,1,00.052.0.04.001.,0,1,1,NA,NA,7835,3132,2423,TRUE,FALSE,N,SS,RNA,non-enveloped,1,1
Entebbe_bat_virus,Unassigned,Flaviviridae,NA,Flavivirus,0,NA,0,0,0,NA,NA,10510,7,5,TRUE,FALSE,Y,SS,RNA,enveloped,0,0
Epizootic_hemorrhagic_disease_virus,Unassigned,Reoviridae,Sedoreovirinae,Orbivirus,0,00.060.0.02.008.,0,0,0,NA,NA,19200,442,200,TRUE,TRUE,Y,DS,RNA,non-enveloped,0,0
Equid_herpesvirus_1,Herpesvirales,Herpesviridae,Alphaherpesvirinae,Varicellovirus,0,NA,0,0,0,NA,NA,142000,93,918,FALSE,FALSE,N,DS,DNA,enveloped,0,0
Equid_herpesvirus_2,Herpesvirales,Herpesviridae,Gammaherpesvirinae,Rhadinovirus,0,NA,0,0,0,NA,NA,184000,9,16,FALSE,FALSE,N,DS,DNA,enveloped,0,0
Equid_herpesvirus_3,Herpesvirales,Herpesviridae,Alphaherpesvirinae,Varicellovirus,0,NA,0,0,0,NA,NA,148000,4,34,FALSE,FALSE,N,DS,DNA,enveloped,0,0
Equid_herpesvirus_4,Herpesvirales,Herpesviridae,Alphaherpesvirinae,Varicellovirus,0,NA,0,0,0,NA,NA,145597,28,81,FALSE,FALSE,N,DS,DNA,enveloped,0,0
Equid_herpesvirus_5,Herpesvirales,Herpesviridae,Gammaherpesvirinae,Rhadinovirus,0,NA,0,0,0,NA,NA,150000,7,8,FALSE,FALSE,N,DS,DNA,enveloped,0,0
Equid_herpesvirus_7,Herpesvirales,Herpesviridae,Gammaherpesvirinae,Rhadinovirus,0,NA,0,0,0,NA,NA,180000,2,2,FALSE,FALSE,N,DS,DNA,enveloped,0,0
Equid_herpesvirus_8,Herpesvirales,Herpesviridae,Alphaherpesvirinae,Varicellovirus,0,NA,0,0,0,NA,NA,149332,0,0,FALSE,FALSE,N,DS,DNA,enveloped,0,0
Equid_herpesvirus_9,Herpesvirales,Herpesviridae,Alphaherpesvirinae,Varicellovirus,0,00.031.1.02.013.,0,0,0,NA,NA,148371,3,2,FALSE,FALSE,N,DS,DNA,enveloped,0,0
Equine_adenovirus_A,Unassigned,Adenoviridae,NA,Mastadenovirus,0,00.001.0.01.006.,0,0,0,NA,NA,35500,56,1,FALSE,FALSE,N,DS,DNA,non-enveloped,0,0
Equine_adenovirus_B,Unassigned,Adenoviridae,NA,Mastadenovirus,0,00.001.0.01.007.,0,0,0,NA,NA,35500,2,1,FALSE,FALSE,N,DS,DNA,non-enveloped,0,0
Equine_arteritis_virus,Nidovirales,Arteriviridae,NA,Arterivirus,1,03.004.0.01.002.,0,0,0,NA,NA,12704,637,406,TRUE,FALSE,N,SS,RNA,enveloped,0,0
Equine_encephalosis_virus,Unassigned,Reoviridae,Sedoreovirinae,Orbivirus,0,00.060.0.02.009.,0,0,0,NA,NA,19200,32,26,TRUE,TRUE,Y,DS,RNA,non-enveloped,0,0
Equine_foamy_virus,Unassigned,Retroviridae,Spumaretrovirinae,Spumavirus,0,NA,0,0,0,NA,NA,12035,4,5,FALSE,FALSE,N,SS,RNA,enveloped,0,0
Equine_infectious_anemia_virus,Unassigned,Retroviridae,Orthoretrovirinae,Lentivirus,0,00.061.1.06.003.,0,0,0,NA,NA,8359,811,748,FALSE,FALSE,Y,SS,RNA,enveloped,0,0
Equine_papillomavirus_1,Unassigned,Papillomaviridae,NA,Zetapapillomavirus,1,NA,0,0,0,NA,NA,7613,1,1,FALSE,FALSE,N,DS,DNA,non-enveloped,0,0
Equine_rhinitis_A_virus,Picornavirales,Picornaviridae,NA,Aphthovirus,0,NA,0,0,0,NA,NA,7734,30,28,TRUE,FALSE,N,SS,RNA,non-enveloped,0,0
Equine_rhinitis_B_virus,Picornavirales,Picornaviridae,NA,Erbovirus,1,NA,0,0,0,NA,NA,8828,17,16,TRUE,FALSE,N,SS,RNA,non-enveloped,0,0
Equine_torovirus,Nidovirales,Coronaviridae,Torovirinae,Torovirus,1,03.019.0.02.001.,0,0,0,NA,NA,28000,12,9,TRUE,FALSE,N,SS,RNA,enveloped,0,0
Eubenangee_virus,Unassigned,Reoviridae,Sedoreovirinae,Orbivirus,0,NA,0,0,0,NA,NA,19304,5,3,TRUE,TRUE,Y,DS,RNA,non-enveloped,0,0
European_bat_lyssavirus_1,Mononegavirales,Rhabdoviridae,NA,Lyssavirus,0,NA,0,1,1,NA,NA,11966,48,15,TRUE,FALSE,N,SS,RNA,enveloped,1,1
European_bat_lyssavirus_2,Mononegavirales,Rhabdoviridae,NA,Lyssavirus,0,NA,0,1,1,NA,NA,11966,48,15,TRUE,FALSE,N,SS,RNA,enveloped,1,1
European_brown_hare_syndrome_virus,Unassigned,Caliciviridae,NA,Lagovirus,0,00.012.0.02.002.,0,0,0,NA,NA,7442,47,23,TRUE,FALSE,N,SS,RNA,non-enveloped,0,0
European_elk_papillomavirus,Unassigned,Papillomaviridae,NA,Deltapapillomavirus,1,NA,0,0,0,NA,NA,8095,6,8,FALSE,FALSE,N,DS,DNA,non-enveloped,0,0
Everglades_virus,Unassigned,Togaviridae,NA,Alphavirus,0,00.073.0.01.009.,0,1,1,NA,NA,11395,13,10,TRUE,FALSE,Y,SS,RNA,enveloped,1,0
Eyach_virus,Unassigned,Reoviridae,Spinareovirinae,Coltivirus,0,NA,0,0,0,NA,NA,29210,13,14,TRUE,TRUE,Y,DS,RNA,non-enveloped,0,0
Felid_herpesvirus_1,Herpesvirales,Herpesviridae,Alphaherpesvirinae,Varicellovirus,0,NA,0,0,0,NA,NA,135797,25,22,FALSE,FALSE,N,DS,DNA,enveloped,0,0
Feline_astrovirus,Unassigned,Astroviridae,NA,Mamastrovirus,0,00.005.0.01.004.,0,0,0,6598,6795,6696.5,2,2,TRUE,FALSE,N,SS,RNA,non-enveloped,0,0
Feline_calicivirus,Unassigned,Caliciviridae,NA,Vesivirus,0,00.012.0.01.003.,0,0,0,NA,NA,7683,889,513,TRUE,FALSE,N,SS,RNA,non-enveloped,0,0
Feline_coronavirus,Nidovirales,Coronaviridae,NA,Coronavirus,0,03.019.0.01.004.,0,0,0,27000,33000,30000,436,322,TRUE,FALSE,N,SS,RNA,enveloped,0,0
Feline_foamy_virus,Unassigned,Retroviridae,Spumaretrovirinae,Spumavirus,0,NA,0,0,0,NA,NA,11700,55,51,FALSE,FALSE,N,SS,RNA,enveloped,0,0
Feline_immunodeficiency_virus,Unassigned,Retroviridae,Orthoretrovirinae,Lentivirus,0,00.061.1.06.004.,0,0,0,NA,NA,9474,2392,1689,FALSE,FALSE,N,SS,RNA,enveloped,0,0
Feline_leukemia_virus,Unassigned,Retroviridae,Orthoretrovirinae,Gammaretrovirus,0,NA,0,0,0,NA,NA,8837,1251,1707,FALSE,FALSE,N,SS,RNA,enveloped,0,0
Feline_panleukopenia_virus,Unassigned,Parvoviridae,Parvovirinae,Parvovirus,0,NA,0,0,0,NA,NA,5323,521,332,FALSE,FALSE,N,SS,DNA,non-enveloped,0,0
Feline_papillomavirus,Unassigned,Papillomaviridae,NA,Lambdapapillomavirus,0,NA,0,0,0,NA,NA,8300,3,2,FALSE,FALSE,N,DS,DNA,non-enveloped,0,0
Flexal_virus,Unassigned,Arenaviridae,NA,Arenavirus,0,00.003.0.01.008.,0,1,0,NA,NA,10448,5,2,TRUE,TRUE,N,SS,RNA,enveloped,1,0
Foot-and-mouth_disease_virus,Picornavirales,Picornaviridae,NA,Aphthovirus,1,00.052.0.05.001.,0,1,1,8115,8203,8159,4532,3351,TRUE,FALSE,N,SS,RNA,non-enveloped,1,1
Gan_Gan_virus,Unassigned,Bunyaviridae,NA,Unassigned,0,NA,0,1,0,NA,NA,12118,3,2,TRUE,TRUE,N,SS,RNA,enveloped,1,0
GB_virus_A,Unassigned,Flaviviridae,NA,Unassigned,0,NA,0,0,0,NA,NA,9550,15,19,TRUE,FALSE,N,SS,RNA,enveloped,0,0
GB_virus_B,Unassigned,Flaviviridae,NA,Hepacivirus,Tentative in genus,NA,0,0,0,NA,NA,9399,84,87,TRUE,FALSE,N,SS,RNA,enveloped,0,0
GB_virus_C,Unassigned,Flaviviridae,NA,Unassigned,0,00.026.0.00.002.,0,1,1,NA,NA,9392,1019,856,TRUE,FALSE,N,SS,RNA,enveloped,1,1
Getah_virus,Unassigned,Togaviridae,NA,Alphavirus,0,00.073.0.01.011.,0,1,1,NA,NA,11597,117,72,TRUE,FALSE,Y,SS,RNA,enveloped,1,1
Gibbon_ape_leukemia_virus,Unassigned,Retroviridae,Orthoretrovirinae,Gammaretrovirus,0,NA,0,1,0,NA,NA,8088,234,275,FALSE,FALSE,N,SS,RNA,enveloped,1,0
Goat_adenovirus,Unassigned,Adenoviridae,NA,Mastadenovirus,Tentative in genus,00.001.0.81.021.,0,0,0,NA,NA,29576,5,1,FALSE,FALSE,N,DS,DNA,non-enveloped,0,0
Goatpox_virus,Unassigned,Poxviridae,Chordopoxvirinae,Capripoxvirus,0,NA,0,0,0,NA,NA,149599,18,18,TRUE,FALSE,N,DS,DNA,enveloped,0,0
Great_Island_virus,Unassigned,Reoviridae,Sedoreovirinae,Orbivirus,0,NA,0,1,1,NA,NA,19200,12,5,TRUE,TRUE,Y,DS,RNA,non-enveloped,1,0
Ground_squirrel_hepatitis_virus,Unassigned,Hepadnaviridae,NA,Orthohepadnavirus,0,NA,0,0,0,NA,NA,3311,37,52,FALSE,FALSE,N,DS,DNA,enveloped,0,0
Guama_virus,Unassigned,Bunyaviridae,NA,Orthobunyavirus,0,00.011.0.01.023.,0,1,1,12300,12450,12375,6,2,TRUE,TRUE,Y,SS,RNA,enveloped,1,1
Guanarito_virus,Unassigned,Arenaviridae,NA,Arenavirus,0,00.003.0.01.009.,0,1,1,NA,NA,10424,60,23,TRUE,TRUE,N,SS,RNA,enveloped,1,1
Guaroa_virus,Unassigned,Bunyaviridae,NA,Orthobunyavirus,1,NA,0,1,1,NA,NA,12239,20,18,TRUE,TRUE,Y,SS,RNA,enveloped,1,0
Guinea_pig_adenovirus,Unassigned,Adenoviridae,NA,Mastadenovirus,Tentative in genus,00.001.0.81.022.,0,0,0,NA,NA,35500,7,5,FALSE,FALSE,N,DS,DNA,non-enveloped,0,0
Guinea_pig_type-C_oncovirus,Unassigned,Retroviridae,Orthoretrovirinae,Gammaretrovirus,0,NA,0,0,0,NA,NA,8300,0,0,FALSE,FALSE,N,SS,RNA,enveloped,0,0
H-1_parvovirus,Unassigned,Parvoviridae,NA,Parvovirus,Tentative in genus,NA,0,0,0,NA,NA,5176,47,5,FALSE,FALSE,N,SS,DNA,non-enveloped,0,0
Hamster_oral_papillomavirus,Unassigned,Papillomaviridae,NA,Pipapillomavirus,1,NA,0,0,0,NA,NA,7393,3,2,FALSE,FALSE,N,DS,DNA,non-enveloped,0,0
Hamster_parvovirus,Unassigned,Parvoviridae,NA,Parvovirus,Tentative in genus,NA,0,0,0,NA,NA,NA,5,5,FALSE,FALSE,N,SS,DNA,non-enveloped,0,0
Hamster_polyomavirus,Unassigned,Polyomaviridae,NA,Polyomavirus,NA,NA,0,0,0,5031,5353,5192,43,40,TRUE,FALSE,N,DS,DNA,non-enveloped,0,0
Hantaan_virus,Unassigned,Bunyaviridae,NA,Hantavirus,1,00.011.0.02.001.,0,1,0,NA,NA,11845,985,611,TRUE,TRUE,N,SS,RNA,enveloped,1,0
Hare_fibroma_virus,Unassigned,Poxviridae,Chordopoxvirinae,Leporipoxvirus,0,NA,0,0,0,NA,NA,159857,0,0,TRUE,FALSE,N,DS,DNA,enveloped,0,0
Hendra_virus,Mononegavirales,Paramyxoviridae,Paramyxovirinae,Henipavirus,1,01.048.1.04.001.,0,1,1,NA,NA,18234,373,186,TRUE,FALSE,N,SS,RNA,enveloped,1,1
Hepatitis_A_virus,Picornavirales,Picornaviridae,NA,Hepatovirus,1,00.052.0.03.001.,0,1,1,NA,NA,7478,95332,3806,TRUE,FALSE,N,SS,RNA,non-enveloped,1,1
Hepatitis_B_virus,Unassigned,Hepadnaviridae,NA,Orthohepadnavirus,1,00.052.0.03.001.,0,1,1,NA,NA,3215,43758,31456,FALSE,FALSE,N,DS,DNA,enveloped,1,1
Hepatitis_C_virus,Unassigned,Flaviviridae,NA,Hepacivirus,1,00.026.0.03.001.,0,1,1,9343,9711,9527,48531,30111,TRUE,FALSE,N,SS,RNA,enveloped,0,0
Hepatitis_delta_virus,Unassigned,Unassigned,NA,Deltavirus,1,82.022.0.01.001.,0,1,1,NA,NA,1682,2384,1925,FALSE,FALSE,N,SS,RNA,enveloped,0,0
Hepatitis_E_virus,Unassigned,Hepeviridae,NA,Hepevirus,1,00.084.0.01.001.,0,1,0,NA,NA,7176,2381,1874,TRUE,FALSE,N,SS,RNA,non-enveloped,1,0
Highlands_J_virus,Unassigned,Togaviridae,NA,Alphavirus,0,00.073.0.01.012.,0,0,0,NA,NA,11526,44,20,TRUE,FALSE,Y,SS,RNA,enveloped,0,0
Hippotragine_herpesvirus_1,Herpesvirales,Herpesviridae,Gammaherpesvirinae,Rhadinovirus,0,NA,0,0,0,NA,NA,180000,2,2,FALSE,FALSE,N,DS,DNA,enveloped,0,0
Human_adenovirus_A,Unassigned,Adenoviridae,NA,Mastadenovirus,0,00.001.0.01.008.,0,1,1,NA,NA,34125,2391,4,FALSE,FALSE,N,DS,DNA,non-enveloped,1,1
Human_adenovirus_B,Unassigned,Adenoviridae,NA,Mastadenovirus,0,00.001.0.01.009.,0,1,1,NA,NA,35514,17,6,FALSE,FALSE,N,DS,DNA,non-enveloped,1,1
Human_adenovirus_C,Unassigned,Adenoviridae,NA,Mastadenovirus,1,00.001.0.01.010.,0,1,1,NA,NA,35937,49,7,FALSE,FALSE,N,DS,DNA,non-enveloped,1,1
Human_adenovirus_D,Unassigned,Adenoviridae,NA,Mastadenovirus,0,00.001.0.01.011.,1,1,1,NA,NA,35100,10,4,FALSE,FALSE,N,DS,DNA,non-enveloped,1,1
Human_adenovirus_E,Unassigned,Adenoviridae,NA,Mastadenovirus,0,00.001.0.01.012.,0,1,1,NA,NA,35994,5,2,FALSE,FALSE,N,DS,DNA,non-enveloped,1,1
Human_adenovirus_F,Unassigned,Adenoviridae,NA,Mastadenovirus,0,00.001.0.01.013.,0,1,1,NA,NA,34214,8,1,FALSE,FALSE,N,DS,DNA,non-enveloped,1,1
Human_astrovirus,Unassigned,Astroviridae,NA,Mamastrovirus,1,00.005.0.01.001.,0,1,1,NA,NA,6813,179,139,TRUE,FALSE,N,SS,RNA,non-enveloped,0,0
Human_coronavirus_229E,Nidovirales,Coronaviridae,NA,Coronavirus,0,NA,0,1,1,NA,NA,27317,164,220,TRUE,FALSE,N,SS,RNA,enveloped,1,0
Human_coronavirus_OC43,Nidovirales,Coronaviridae,NA,Coronavirus,0,03.019.0.01.006.,0,1,1,NA,NA,6813,117,140,TRUE,FALSE,N,SS,RNA,enveloped,0,0
Human_enterovirus_A,Picornavirales,Picornaviridae,NA,Enterovirus,0,NA,0,1,1,NA,NA,7413,35,362,TRUE,FALSE,N,SS,RNA,non-enveloped,1,1
Human_enterovirus_B,Picornavirales,Picornaviridae,NA,Enterovirus,0,NA,0,1,1,NA,NA,7389,219,4096,TRUE,FALSE,N,SS,RNA,non-enveloped,1,1
Human_enterovirus_C,Picornavirales,Picornaviridae,NA,Enterovirus,0,NA,0,1,1,NA,NA,7440,17,76,TRUE,FALSE,N,SS,RNA,non-enveloped,0,0
Human_enterovirus_D,Picornavirales,Picornaviridae,NA,Enterovirus,0,NA,0,1,1,NA,NA,7390,6,31,TRUE,FALSE,N,SS,RNA,non-enveloped,1,1
Human_herpesvirus_1,Herpesvirales,Herpesviridae,Alphaherpesvirinae,Simplexvirus,1,00.031.1.01.001.,0,1,1,NA,NA,152261,2150,8034,FALSE,FALSE,N,DS,DNA,enveloped,1,1
Human_herpesvirus_2,Herpesvirales,Herpesviridae,NA,Simplexvirus,0,NA,0,1,1,NA,NA,154764,62,3085,FALSE,FALSE,N,DS,DNA,enveloped,0,0
Human_herpesvirus_3,Herpesvirales,Herpesviridae,Alphaherpesvirinae,Varicellovirus,1,00.031.1.02.001.,0,1,1,NA,NA,124844,381,4795,FALSE,FALSE,N,DS,DNA,enveloped,0,0
Human_herpesvirus_4,Herpesvirales,Herpesviridae,Gammaherpesvirinae,Lymphocryptovirus,1,00.031.3.01.001.,1,1,1,NA,NA,172764,1142,18860,FALSE,FALSE,N,DS,DNA,enveloped,1,1
Human_herpesvirus_5,Herpesvirales,Herpesviridae,Betaherpesvirinae,Cytomegalovirus,1,00.031.2.01.001.,0,1,1,NA,NA,235646,400,324,FALSE,FALSE,N,DS,DNA,enveloped,1,0
Human_herpesvirus_6,Herpesvirales,Herpesviridae,Betaherpesvirinae,Roseolovirus,1,00.031.2.03.001.,0,1,1,159322,162114,160718,2779,2530,FALSE,FALSE,N,DS,DNA,enveloped,0,0
Human_herpesvirus_7,Herpesvirales,Herpesviridae,Betaherpesvirinae,Roseolovirus,0,NA,0,1,1,NA,NA,153080,506,550,FALSE,FALSE,N,DS,DNA,enveloped,0,0
Human_herpesvirus_8,Herpesvirales,Herpesviridae,Gammaherpesvirinae,Rhadinovirus,0,NA,0,1,0,NA,NA,137969,3129,3711,FALSE,FALSE,N,DS,DNA,enveloped,0,0
Human_immunodeficiency_virus_1,Unassigned,Retroviridae,Orthoretrovirinae,Lentivirus,1,00.061.1.06.009.,0,1,1,NA,NA,9181,19705,5183,FALSE,FALSE,N,SS,RNA,enveloped,0,0
Human_immunodeficiency_virus_2,Unassigned,Retroviridae,Orthoretrovirinae,Lentivirus,0,00.061.1.06.010.,0,1,1,NA,NA,10359,1059,342,FALSE,FALSE,N,SS,RNA,enveloped,0,0
Human_metapneumovirus,Mononegavirales,Paramyxoviridae,Pneumovirinae,Metapneumovirus,0,NA,1,1,1,13281,13389,13335,1230,820,TRUE,FALSE,N,SS,RNA,enveloped,1,1
Human_norovirus-Alphatron,Unassigned,Caliciviridae,NA,Norovirus,Tentative in genus,NA,0,1,1,NA,NA,7800,0,0,TRUE,FALSE,N,SS,RNA,non-enveloped,1,1
Human_papillomavirus_1,Unassigned,Papillomaviridae,NA,Mupapillomavirus,1,NA,0,1,1,NA,NA,7815,11,7,FALSE,FALSE,N,DS,DNA,non-enveloped,0,0
Human_papillomavirus_10,Unassigned,Papillomaviridae,NA,Alphapapillomavirus,0,NA,0,1,1,NA,NA,7919,1,1,FALSE,FALSE,N,DS,DNA,non-enveloped,0,0
Human_papillomavirus_16,Unassigned,Papillomaviridae,NA,Alphapapillomavirus,0,NA,0,1,1,NA,NA,7905,2659,2492,FALSE,FALSE,N,DS,DNA,non-enveloped,0,0
Human_papillomavirus_18,Unassigned,Papillomaviridae,NA,Alphapapillomavirus,0,NA,0,1,1,NA,NA,7857,906,884,FALSE,FALSE,N,DS,DNA,non-enveloped,0,0
Human_papillomavirus_2,Unassigned,Papillomaviridae,NA,Alphapapillomavirus,0,NA,0,1,1,NA,NA,7859,8,8,FALSE,FALSE,N,DS,DNA,non-enveloped,0,0
Human_papillomavirus_26,Unassigned,Papillomaviridae,NA,Alphapapillomavirus,0,NA,0,1,1,NA,NA,7855,1,1,FALSE,FALSE,N,DS,DNA,non-enveloped,0,0
Human_papillomavirus_32,Unassigned,Papillomaviridae,NA,Alphapapillomavirus,1,NA,0,1,1,NA,NA,7961,2,2,FALSE,FALSE,N,DS,DNA,non-enveloped,0,0
Human_papillomavirus_34,Unassigned,Papillomaviridae,NA,Alphapapillomavirus,0,NA,0,1,1,NA,NA,7723,0,0,FALSE,FALSE,N,DS,DNA,non-enveloped,0,0
Human_papillomavirus_4,Unassigned,Papillomaviridae,NA,Gammapapillomavirus,1,NA,0,1,1,NA,NA,7353,1,1,FALSE,FALSE,N,DS,DNA,non-enveloped,0,0
Human_papillomavirus_41,Unassigned,Papillomaviridae,NA,Nupapillomavirus,1,NA,0,1,1,NA,NA,7614,1,1,FALSE,FALSE,N,DS,DNA,non-enveloped,0,0
Human_papillomavirus_48,Unassigned,Papillomaviridae,NA,Gammapapillomavirus,0,NA,0,1,1,NA,NA,7100,0,0,FALSE,FALSE,N,DS,DNA,non-enveloped,0,0
Human_papillomavirus_49,Unassigned,Papillomaviridae,NA,Betapapillomavirus,0,NA,0,1,1,NA,NA,7560,0,0,FALSE,FALSE,N,DS,DNA,non-enveloped,0,0
Human_papillomavirus_5,Unassigned,Papillomaviridae,NA,Betapapillomavirus,1,NA,0,1,1,NA,NA,7746,6,6,FALSE,FALSE,N,DS,DNA,non-enveloped,0,0
Human_papillomavirus_50,Unassigned,Papillomaviridae,NA,Gammapapillomavirus,0,NA,0,1,1,NA,NA,7184,1,1,FALSE,FALSE,N,DS,DNA,non-enveloped,0,0
Human_papillomavirus_53,Unassigned,Papillomaviridae,NA,Alphapapillomavirus,0,NA,0,1,1,NA,NA,7856,0,0,FALSE,FALSE,N,DS,DNA,non-enveloped,0,0
Human_papillomavirus_54,Unassigned,Papillomaviridae,NA,Alphapapillomavirus,0,NA,0,1,1,7717,7759,7738,0,0,FALSE,FALSE,N,DS,DNA,non-enveloped,0,0
Human_papillomavirus_6,Unassigned,Papillomaviridae,NA,Alphapapillomavirus,0,NA,0,1,1,NA,NA,8031,302,287,FALSE,FALSE,N,DS,DNA,non-enveloped,0,0
Human_papillomavirus_60,Unassigned,Papillomaviridae,NA,Gammapapillomavirus,0,NA,0,1,1,NA,NA,7313,4,3,FALSE,FALSE,N,DS,DNA,non-enveloped,0,0
Human_papillomavirus_61,Unassigned,Papillomaviridae,NA,Alphapapillomavirus,0,NA,0,1,1,NA,NA,7989,0,0,FALSE,FALSE,N,DS,DNA,non-enveloped,0,0
Human_papillomavirus_63,Unassigned,Papillomaviridae,NA,Mupapillomavirus,0,NA,0,1,1,NA,NA,7348,2,2,FALSE,FALSE,N,DS,DNA,non-enveloped,0,0
Human_papillomavirus_7,Unassigned,Papillomaviridae,NA,Alphapapillomavirus,0,NA,0,1,0,NA,NA,8027,2,2,FALSE,FALSE,N,DS,DNA,non-enveloped,0,0
Human_papillomavirus_71,Unassigned,Papillomaviridae,NA,Alphapapillomavirus,0,NA,0,1,0,8017,8038,8027.5,0,1,FALSE,FALSE,N,DS,DNA,non-enveloped,0,0
Human_papillomavirus_88,Unassigned,Papillomaviridae,NA,Gammapapillomavirus,0,NA,0,1,1,NA,NA,7326,1,1,FALSE,FALSE,N,DS,DNA,non-enveloped,0,0
Human_papillomavirus_9,Unassigned,Papillomaviridae,NA,Betapapillomavirus,0,NA,0,1,1,NA,NA,7434,1,1,FALSE,FALSE,N,DS,DNA,non-enveloped,0,0
Human_papillomavirus_cand90,Unassigned,Papillomaviridae,NA,Alphapapillomavirus,0,NA,0,1,1,8024,8033,8028.5,0,0,FALSE,FALSE,N,DS,DNA,non-enveloped,0,0
Human_papillomavirus_cand92,Unassigned,Papillomaviridae,NA,Betapapillomavirus,0,NA,0,1,1,NA,NA,7461,0,0,FALSE,FALSE,N,DS,DNA,non-enveloped,0,0
Human_papillomavirus_cand96,Unassigned,Papillomaviridae,NA,Betapapillomavirus,0,NA,0,1,1,NA,NA,7438,0,0,FALSE,FALSE,N,DS,DNA,non-enveloped,0,0
Human_parainfluenza_virus_1,Mononegavirales,Paramyxoviridae,Paramyxovirinae,Respirovirus,0,01.048.1.01.003.,0,1,1,NA,NA,15600,71,2706,TRUE,FALSE,N,SS,RNA,enveloped,1,0
Human_parainfluenza_virus_2,Mononegavirales,Paramyxoviridae,Paramyxovirinae,Rubulavirus,0,NA,0,1,0,NA,NA,15646,67,241,TRUE,FALSE,N,SS,RNA,enveloped,1,0
Human_parainfluenza_virus_3,Mononegavirales,Paramyxoviridae,Paramyxovirinae,Respirovirus,0,NA,0,1,1,NA,NA,15462,163,954,TRUE,FALSE,N,SS,RNA,enveloped,1,1
Human_parainfluenza_virus_4,Mononegavirales,Paramyxoviridae,Paramyxovirinae,Rubulavirus,0,NA,0,1,1,NA,NA,17304,4,25,TRUE,FALSE,N,SS,RNA,enveloped,0,0
Human_parechovirus,Picornavirales,Picornaviridae,NA,Parechovirus,1,00.052.0.06.001.,0,1,1,NA,NA,7348,122,89,TRUE,FALSE,N,SS,RNA,non-enveloped,0,0
Human_parvovirus_B19,Unassigned,Parvoviridae,Parvovirinae,Erythrovirus,1,00.050.1.02.001.,0,1,0,NA,NA,5594,1421,2425,FALSE,FALSE,NA,SS,DNA,non-enveloped,0,0
Human_picobirnavirus,Unassigned,Picobirnaviridae,NA,Picobirnavirus,1,NA,0,1,1,NA,NA,4270,12,7,TRUE,TRUE,NA,DS,RNA,non-enveloped,1,1
Human_polyomavirus,Unassigned,Polyomaviridae,NA,Polyomavirus,NA,NA,0,1,1,4926,5033,4984.25,784,517,TRUE,FALSE,N,DS,DNA,non-enveloped,0,0
Human_respiratory_syncytial_virus,Mononegavirales,Paramyxoviridae,Pneumovirinae,Pneumovirus,1,01.048.2.01.001.,1,1,1,NA,NA,15225,984,1561,TRUE,FALSE,NA,SS,RNA,enveloped,1,1
Human_rhinovirus_A,Picornavirales,Picornaviridae,NA,Rhinovirus,1,00.052.0.02.001.,0,1,1,NA,NA,7152,1461,9,TRUE,FALSE,N,SS,RNA,non-enveloped,0,0
Human_rhinovirus_B,Picornavirales,Picornaviridae,NA,Rhinovirus,0,NA,0,1,1,NA,NA,7212,4,4,TRUE,FALSE,N,SS,RNA,non-enveloped,0,0
Human_torovirus,Nidovirales,Coronaviridae,Torovirinae,Torovirus,0,NA,0,1,1,NA,NA,28000,8,6,TRUE,FALSE,N,SS,RNA,enveloped,0,0
Ife_virus,Unassigned,Reoviridae,NA,Orbivirus,0,NA,0,0,0,NA,NA,19200,5,4,TRUE,FALSE,Y,DS,RNA,non-enveloped,0,0
Ilheus_virus,Unassigned,Flaviviridae,NA,Flavivirus,0,NA,0,1,1,NA,NA,10755,46,20,TRUE,FALSE,Y,SS,RNA,enveloped,1,0
Influenza_A_virus,Unassigned,Orthomyxoviridae,NA,Influenzavirus A,1,00.046.0.01.001.,0,1,1,NA,NA,13444.6,28203,24642,TRUE,TRUE,N,SS,RNA,enveloped,1,1
Influenza_B_virus,Unassigned,Orthomyxoviridae,NA,Influenzavirus B,1,00.046.0.04.001.,0,1,1,NA,NA,12570,3403,2919,TRUE,TRUE,N,SS,RNA,enveloped,1,1
Influenza_C_virus,Unassigned,Orthomyxoviridae,NA,Influenzavirus C,1,00.046.0.02.001.,0,1,1,NA,NA,12555,493,277,TRUE,TRUE,N,SS,RNA,enveloped,1,1
Ippy_virus,Unassigned,Arenaviridae,NA,Arenavirus,0,00.003.0.01.002.,0,0,0,NA,NA,10682,7,4,TRUE,TRUE,N,SS,RNA,enveloped,0,0
Irkut_virus,Mononegavirales,Rhabdoviridae,NA,Lyssavirus,Tentative in genus,NA,0,0,0,NA,NA,11980,8,5,TRUE,FALSE,N,SS,RNA,enveloped,0,0
Isfahan_virus,Mononegavirales,Rhabdoviridae,NA,Vesiculovirus,0,NA,0,1,1,NA,NA,11088,17,9,TRUE,FALSE,Y,SS,RNA,enveloped,1,0
Isla_Vista_virus,Unassigned,Bunyaviridae,NA,Hantavirus,0,NA,0,0,0,NA,NA,15450,2,2,TRUE,TRUE,N,SS,RNA,enveloped,0,0
Issyk-Kul_virus,Unassigned,Bunyaviridae,NA,Unassigned,0,NA,0,0,0,NA,NA,19642,14,7,TRUE,TRUE,Y,SS,RNA,enveloped,0,0
Itaporanga_virus,Unassigned,Bunyaviridae,NA,Phlebovirus,Tentative in genus,NA,0,0,0,NA,NA,11300,3,1,TRUE,TRUE,Y,SS,RNA,enveloped,0,0
Jaagsiekte_sheep_retrovirus,Unassigned,Retroviridae,Orthoretrovirinae,Betaretrovirus,0,00.061.1.01.005.,0,0,0,NA,NA,7462,226,156,FALSE,FALSE,N,SS,RNA,enveloped,0,0
Japanaut_virus,Unassigned,Reoviridae,NA,Orbivirus,Tentative in genus,NA,0,0,0,NA,NA,19200,1,1,TRUE,TRUE,Y,DS,RNA,non-enveloped,0,0
Japanese_encephalitis_virus,Unassigned,Flaviviridae,NA,Flavivirus,0,00.026.0.01.019.,0,1,0,NA,NA,10976,2921,2087,TRUE,FALSE,Y,SS,RNA,enveloped,1,0
JC_polyomavirus,Unassigned,Polyomaviridae,NA,Polyomavirus,0,NA,0,1,1,4970,5169,5069.5,115,88,TRUE,FALSE,N,DS,DNA,non-enveloped,0,0
Jugra_virus,Unassigned,Flaviviridae,NA,Flavivirus,0,NA,0,0,0,NA,NA,11440,2,1,TRUE,FALSE,Y,SS,RNA,enveloped,0,0
Junin_virus,Unassigned,Arenaviridae,NA,Arenavirus,0,00.003.0.01.010.,0,1,1,NA,NA,10525,780,496,TRUE,TRUE,N,SS,RNA,enveloped,1,1
Jurona_virus,Mononegavirales,Rhabdoviridae,NA,Vesiculovirus,Tentative in genus,NA,0,0,0,NA,NA,11121,2,1,TRUE,FALSE,Y,SS,RNA,enveloped,0,0
Jutiapa_virus,Unassigned,Flaviviridae,NA,Flavivirus,0,NA,0,0,0,NA,NA,10125,1,1,TRUE,FALSE,Y,SS,RNA,enveloped,0,0
Kaeng_Khoi_virus,Unassigned,Bunyaviridae,NA,Orthobunyavirus,0,NA,0,0,0,NA,NA,12912,5,3,TRUE,TRUE,Y,SS,RNA,enveloped,0,0
Kairi_virus,Unassigned,Bunyaviridae,NA,Orthobunyavirus,0,NA,0,1,0,NA,NA,6137,10,6,TRUE,TRUE,Y,SS,RNA,enveloped,1,0
Kasokero_virus,Unassigned,Bunyaviridae,NA,Unassigned,0,NA,0,1,1,NA,NA,6317,3,1,TRUE,TRUE,N,SS,RNA,enveloped,1,1
Kern_Canyon_virus,Mononegavirales,Rhabdoviridae,NA,Unassigned,0,NA,0,0,0,NA,NA,NA,6,4,TRUE,FALSE,Y,SS,RNA,enveloped,0,0
Keuraliba_virus,Unassigned,Rhabdoviridae,NA,Unassigned,0,NA,0,0,0,NA,NA,NA,1,1,FALSE,FALSE,N,SS,RNA,enveloped,0,0
Khabarovsk_virus,Unassigned,Bunyaviridae,NA,Hantavirus,0,NA,0,0,0,12132,12132,12132,5,2,TRUE,TRUE,N,SS,RNA,enveloped,0,0
Khujand_virus,Mononegavirales,Rhabdoviridae,NA,Lyssavirus,Tentative in genus,NA,0,0,0,NA,NA,11903,9,4,TRUE,FALSE,N,SS,RNA,enveloped,0,0
Kilham_rat_virus,Unassigned,Parvoviridae,Parvovirinae,Parvovirus,0,NA,0,0,0,4746,5176,4961.625,115,88,FALSE,FALSE,N,SS,DNA,non-enveloped,0,0
Kokobera_virus,Unassigned,Flaviviridae,NA,Flavivirus,0,NA,0,1,0,NA,NA,10874,18,7,TRUE,FALSE,Y,SS,RNA,enveloped,1,0
Koongol_virus,Unassigned,Bunyaviridae,NA,Orthobunyavirus,0,00.011.0.01.026.,0,0,0,NA,NA,11202,4,1,TRUE,TRUE,Y,SS,RNA,enveloped,0,0
Kotonkan_virus,Unassigned,Rhabdoviridae,NA,Nucleorhabdovirus,0,NA,0,1,0,NA,NA,15867,4,4,FALSE,FALSE,Y,SS,RNA,enveloped,1,0
Koutango_virus,Unassigned,Flaviviridae,NA,Flavivirus,0,NA,0,1,1,NA,NA,10534,3,5,TRUE,FALSE,Y,SS,RNA,enveloped,1,1
Kyasanur_Forest_disease_virus,Unassigned,Flaviviridae,NA,Flavivirus,0,00.026.0.01.026.,0,1,1,NA,NA,10720,104,70,TRUE,FALSE,Y,SS,RNA,enveloped,1,1
Lactate_dehydrogenase-elevating_virus,Nidovirales,Arteriviridae,NA,Arterivirus,0,NA,0,0,0,NA,NA,14104,208,338,TRUE,FALSE,N,SS,RNA,enveloped,0,0
Lagos_bat_virus,Mononegavirales,Rhabdoviridae,NA,Lyssavirus,0,NA,0,0,0,NA,NA,12016,49,35,TRUE,FALSE,N,SS,RNA,enveloped,0,0
Laguna_Negra_virus,Unassigned,Bunyaviridae,NA,Hantavirus,0,NA,0,1,0,NA,NA,15450,15,8,TRUE,TRUE,N,SS,RNA,enveloped,1,0
Lake_Victoria_marburgvirus,Mononegavirales,Filoviridae,NA,Marburgvirus,1,01.025.0.01.001.,0,1,1,NA,NA,19111,12,12,TRUE,FALSE,N,SS,RNA,enveloped,1,1
Langur_virus,Unassigned,Retroviridae,Orthoretrovirinae,Betaretrovirus,NA,NA,0,0,0,NA,NA,9000,2,8,FALSE,FALSE,N,SS,RNA,enveloped,0,0
Lapine_parvovirus,Unassigned,Parvoviridae,Parvovirinae,Parvovirus,0,NA,0,0,0,NA,NA,NA,1,0,FALSE,FALSE,N,SS,DNA,non-enveloped,0,0
Lassa_virus,Unassigned,Arenaviridae,NA,Arenavirus,0,00.003.0.01.003.,0,1,1,NA,NA,10681,334,494,TRUE,TRUE,N,SS,RNA,enveloped,1,1
Latino_virus,Unassigned,Arenaviridae,NA,Arenavirus,0,00.003.0.01.011.,0,0,0,NA,NA,10648,2,2,TRUE,TRUE,N,SS,RNA,enveloped,0,0
Lebombo_virus,Unassigned,Reoviridae,Sedoreovirinae,Orbivirus,0,00.060.0.02.013.,0,1,1,NA,NA,19247,1,1,TRUE,TRUE,Y,DS,RNA,non-enveloped,1,1
Ljungan_virus,Picornavirales,Picornaviridae,NA,Parechovirus,0,NA,0,1,1,7590,7637,7613.5,60,41,TRUE,FALSE,N,SS,RNA,non-enveloped,1,1
Louping_ill_virus,Unassigned,Flaviviridae,NA,Flavivirus,0,NA,0,1,1,NA,NA,10871,154,117,TRUE,FALSE,Y,SS,RNA,enveloped,1,1
Lumpy_skin_disease_virus,Unassigned,Poxviridae,Chordopoxvirinae,Capripoxvirus,0,NA,0,0,0,NA,NA,150773,80,68,TRUE,FALSE,Y,DS,DNA,enveloped,0,0
Lymphocytic_choriomeningitis_virus,Unassigned,Arenaviridae,NA,Arenavirus,1,00.003.0.01.001.,0,1,1,NA,NA,10056,2613,2619,TRUE,TRUE,N,SS,RNA,enveloped,1,1
Macaque_simian_foamy_virus,Unassigned,Retroviridae,Spumaretrovirinae,Spumavirus,0,00.061.2.07.006.00.001.,0,0,0,NA,NA,12972,1,1,FALSE,FALSE,N,SS,RNA,enveloped,0,0
Machupo_virus,Unassigned,Arenaviridae,NA,Arenavirus,0,00.003.0.01.012.,0,1,0,NA,NA,10635,58,70,TRUE,TRUE,N,SS,RNA,enveloped,1,0
Macropodid_herpesvirus_1,Herpesvirales,Herpesviridae,Alphaherpesvirinae,Simplexvirus,0,NA,0,0,0,NA,NA,140122,7,7,FALSE,FALSE,N,DS,DNA,enveloped,0,0
Macropodid_herpesvirus_2,Herpesvirales,Herpesviridae,Alphaherpesvirinae,Simplexvirus,0,NA,0,0,0,NA,NA,135000,3,4,FALSE,FALSE,N,DS,DNA,enveloped,0,0
Madrid_virus,Unassigned,Bunyaviridae,NA,Orthobunyavirus,0,NA,0,0,0,926,NA,12604,1,1,TRUE,TRUE,Y,SS,RNA,enveloped,0,0
Main_Drain_virus,Unassigned,Bunyaviridae,NA,Orthobunyavirus,0,NA,0,0,0,NA,NA,5996,4,5,TRUE,TRUE,Y,SS,RNA,enveloped,0,0
Mammalian_orthoreovirus,Unassigned,Reoviridae,NA,Orthoreovirus,1,NA,0,0,0,NA,NA,23540,496,589,TRUE,TRUE,N,DS,RNA,non-enveloped,0,0
Manzanilla_virus,Unassigned,Bunyaviridae,NA,Orthobunyavirus,0,NA,0,0,0,11790,12414,12270.67,2,2,TRUE,TRUE,Y,SS,RNA,enveloped,0,0
Mapuera_virus,Mononegavirales,Paramyxoviridae,Paramyxovirinae,Rubulavirus,0,NA,0,0,0,NA,NA,15486,5,6,TRUE,FALSE,N,SS,RNA,enveloped,0,0
Maraba_virus,Mononegavirales,Rhabdoviridae,NA,Vesiculovirus,0,NA,0,0,0,NA,NA,11135,4,3,TRUE,FALSE,Y,SS,RNA,enveloped,0,0
Marituba_virus,Unassigned,Bunyaviridae,NA,Orthobunyavirus,0,NA,0,1,1,11706,12599,12029.5,14,8,TRUE,TRUE,Y,SS,RNA,enveloped,1,1
Marmodid_herpesvirus_1,Herpesvirales,Herpesviridae,Gammaherpesvirinae,Rhadinovirus,Tentative in genus,NA,0,0,0,NA,NA,180000,1,1,FALSE,FALSE,N,DS,DNA,enveloped,0,0
Mason-Pfizer_monkey_virus,Unassigned,Retroviridae,Orthoretrovirinae,Betaretrovirus,0,00.061.1.01.003.,0,0,0,NA,NA,8557,250,347,FALSE,FALSE,N,SS,RNA,enveloped,0,0
Mastomys_natalensis_papillomavirus,Unassigned,Papillomaviridae,NA,Iotapapillomavirus,1,NA,0,0,0,NA,NA,7687,15,7,FALSE,FALSE,N,DS,DNA,non-enveloped,0,0
Mayaro_virus,Unassigned,Togaviridae,NA,Alphavirus,0,00.073.0.01.014.,0,1,1,NA,NA,11411,71,62,TRUE,FALSE,Y,SS,RNA,enveloped,1,0
Measles_virus,Mononegavirales,Paramyxoviridae,Paramyxovirinae,Morbillivirus,1,01.048.1.02.001.,1,1,1,NA,NA,15894,5019,6767,TRUE,FALSE,N,SS,RNA,enveloped,1,1
Menangle_virus,Mononegavirales,Paramyxoviridae,Paramyxovirinae,Rubulavirus,Tentative in genus,01.048.0.00.004.,0,1,0,NA,NA,15516,33,26,TRUE,FALSE,N,SS,RNA,enveloped,1,0
Middelburg_virus,Unassigned,Togaviridae,NA,Alphavirus,0,00.073.0.01.015.,0,0,0,NA,NA,11700,8,12,TRUE,FALSE,Y,SS,RNA,enveloped,0,0
Minatitlan_virus,Unassigned,Bunyaviridae,NA,Orthobunyavirus,0,00.011.0.01.033.,0,0,0,12300,12450,12375,1,1,TRUE,TRUE,Y,SS,RNA,enveloped,0,0
Mink_astrovirus,Unassigned,Astroviridae,NA,Mamastrovirus,0,NA,0,0,0,NA,NA,6610,5,5,TRUE,FALSE,N,SS,RNA,non-enveloped,0,0
Mink_calicivirus,Unassigned,Caliciviridae,NA,Vesivirus,Tentative in genus,NA,0,0,0,NA,NA,8427,3,3,TRUE,FALSE,N,SS,RNA,non-enveloped,0,0
Mink_enteric_sapovirus,Unassigned,Caliciviridae,NA,Sapovirus,Tentative in genus,NA,0,0,0,NA,NA,7800,0,0,TRUE,FALSE,N,SS,RNA,non-enveloped,0,0
Minute_virus_of_mice,Unassigned,Parvoviridae,Parvovirinae,Parvovirus,1,NA,0,0,0,NA,NA,5149,414,490,FALSE,FALSE,N,SS,DNA,non-enveloped,0,0
Mobala_virus,Unassigned,Arenaviridae,NA,Arenavirus,0,00.003.0.01.005.,0,0,0,NA,NA,10705,6,5,TRUE,TRUE,N,SS,RNA,enveloped,0,0
Modoc_virus,Unassigned,Flaviviridae,NA,Flavivirus,0,00.026.0.01.031.,0,1,0,NA,NA,10600,18,20,TRUE,FALSE,Y,SS,RNA,enveloped,1,0
Mokola_virus,Mononegavirales,Rhabdoviridae,NA,Lyssavirus,0,NA,0,1,1,11940,11957,11948.5,111,76,TRUE,FALSE,Y,SS,RNA,enveloped,1,1
Molluscum_contagiosum_virus,Unassigned,Poxviridae,Chordopoxvirinae,Molluscipoxvirus,1,00.058.1.07.001.,0,1,1,NA,NA,190289,178,280,TRUE,FALSE,N,DS,DNA,enveloped,0,0
Moloney_murine_sarcoma_virus,Unassigned,Retroviridae,NA,Gammaretrovirus,0,NA,0,0,0,NA,NA,5833,229,522,FALSE,FALSE,N,SS,RNA,enveloped,0,0
Monkeypox_virus,Unassigned,Poxviridae,Chordopoxvirinae,Orthopoxvirus,0,NA,0,1,1,NA,NA,196858,234,357,TRUE,FALSE,N,DS,DNA,enveloped,1,1
Montana_myotis_leukoencephalitis_virus,Unassigned,Flaviviridae,NA,Flavivirus,0,NA,0,0,0,NA,NA,10690,3,3,TRUE,FALSE,Y,SS,RNA,enveloped,0,0
Mopeia_virus,Unassigned,Arenaviridae,NA,Arenavirus,0,00.003.0.01.006.,0,0,0,NA,NA,10698,15,19,TRUE,TRUE,NA,SS,RNA,enveloped,0,0
Mosso_das_Pedras_virus_78V3531,Unassigned,Togaviridae,NA,Alphavirus,0,NA,0,1,1,NA,NA,11465,1,1,TRUE,FALSE,Y,SS,RNA,enveloped,0,0
Mount_Elgon_bat_virus,Mononegavirales,Rhabdoviridae,NA,Vesiculovirus,Tentative in genus,NA,0,0,0,NA,NA,11049,8,8,TRUE,FALSE,N,SS,RNA,enveloped,0,0
Mouse_mammary_tumor_virus,Unassigned,Retroviridae,Orthoretrovirinae,Betaretrovirus,1,00.061.1.01.001.,0,0,0,NA,NA,8805,2050,3910,FALSE,FALSE,NA,SS,RNA,enveloped,0,0
Mouse_parvovirus_1,Unassigned,Parvoviridae,Parvovirinae,Parvovirus,0,NA,0,0,0,NA,NA,5144,13,10,FALSE,FALSE,N,SS,DNA,non-enveloped,0,0
Mucambo_virus,Unassigned,Togaviridae,NA,Alphavirus,0,00.073.0.01.016.,0,0,0,NA,NA,11500,13,12,TRUE,FALSE,Y,SS,RNA,enveloped,0,0
Muleshoe_virus,Unassigned,Bunyaviridae,NA,Hantavirus,0,NA,0,0,0,NA,NA,15450,1,1,TRUE,TRUE,N,SS,RNA,enveloped,0,0
Mumps_virus,Mononegavirales,Paramyxoviridae,Paramyxovirinae,Rubulavirus,1,01.048.1.03.001.,1,1,1,NA,NA,15384,1028,2183,TRUE,FALSE,N,SS,RNA,enveloped,1,0
Murid_herpesvirus_1,Herpesvirales,Herpesviridae,Betaherpesvirinae,Muromegalovirus,1,NA,0,0,0,NA,NA,235000,1,1,FALSE,FALSE,N,DS,DNA,enveloped,0,0
Murid_herpesvirus_2,Herpesvirales,Herpesviridae,Betaherpesvirinae,Muromegalovirus,0,NA,0,0,0,NA,NA,230138,0,0,FALSE,FALSE,N,DS,DNA,enveloped,0,0
Murid_herpesvirus_3,Herpesvirales,Herpesviridae,NA,Ictalurivirus,1,NA,0,0,0,NA,NA,134000,1,6,FALSE,FALSE,N,DS,DNA,enveloped,0,0
Murid_herpesvirus_4,Herpesvirales,Herpesviridae,Gammaherpesvirinae,Rhadinovirus,0,NA,0,0,0,NA,NA,135000,48,48,FALSE,FALSE,N,DS,DNA,enveloped,0,0
Murid_herpesvirus_5,Herpesvirales,Herpesviridae,NA,Ictalurivirus,1,NA,0,0,0,NA,NA,134000,1,1,FALSE,FALSE,N,DS,DNA,enveloped,0,0
Murine_adenovirus_A,Unassigned,Adenoviridae,NA,Mastadenovirus,0,NA,0,0,0,NA,NA,30944,1,1,FALSE,FALSE,N,DS,DNA,non-enveloped,0,0
Murine_adenovirus_B,Unassigned,Adenoviridae,NA,Mastadenovirus,Tentative in genus,00.001.0.81.023.,0,0,0,NA,NA,35500,1,1,FALSE,FALSE,N,DS,DNA,non-enveloped,0,0
Murine_hepatitis_virus,Nidovirales,Coronaviridae,NA,Coronavirus,0,03.019.0.01.007.,0,0,0,NA,NA,31526,262,1950,TRUE,FALSE,N,SS,RNA,enveloped,0,0
Murine_leukemia_virus,Unassigned,Retroviridae,Orthoretrovirinae,Gammaretrovirus,1,00.061.1.02.001.,0,0,0,NA,NA,5894,6376,12242,FALSE,FALSE,N,SS,RNA,enveloped,0,0
Murine_norovirus_1,Unassigned,Caliciviridae,NA,Norovirus,Tentative in genus,NA,0,0,0,NA,NA,7382,94,57,TRUE,FALSE,N,SS,RNA,non-enveloped,0,0
Murine_pneumonia_virus,Mononegavirales,Paramyxoviridae,Pneumovirinae,Pneumovirus,0,NA,0,1,0,NA,NA,14885,4,54,TRUE,FALSE,N,SS,RNA,enveloped,1,0
Murine_pneumotropic_virus,Unassigned,Polyomaviridae,NA,Polyomavirus,NA,NA,0,0,0,NA,NA,4754,7,6,FALSE,FALSE,N,DS,DNA,non-enveloped,0,0
Murine_polyomavirus,Unassigned,Polyomaviridae,NA,Polyomavirus,NA,NA,0,0,0,NA,NA,5297,151,101,FALSE,FALSE,N,DS,DNA,non-enveloped,0,0
Murray_Valley_encephalitis_virus,Unassigned,Flaviviridae,NA,Flavivirus,0,NA,0,1,0,NA,NA,11014,119,186,TRUE,FALSE,Y,SS,RNA,enveloped,1,0
Mustelid_herpesvirus_1,Herpesvirales,Herpesviridae,Gammaherpesvirinae,Rhadinovirus,0,NA,0,0,0,NA,NA,180000,4,3,FALSE,FALSE,N,DS,DNA,enveloped,0,0
Myxoma_virus,Unassigned,Poxviridae,Chordopoxvirinae,Leporipoxvirus,1,00.058.1.05.001.,0,0,0,NA,NA,161773,548,424,TRUE,FALSE,N,DS,DNA,enveloped,0,0
Nariva_virus,Mononegavirales,Paramyxoviridae,NA,Unassigned,0,NA,0,0,0,NA,NA,15276,9,8,TRUE,FALSE,N,SS,RNA,enveloped,0,0
Ndumu_virus,Unassigned,Togaviridae,NA,Alphavirus,0,00.073.0.01.017.,0,1,0,NA,NA,11700,2,2,TRUE,FALSE,Y,SS,RNA,enveloped,1,0
Nelson_Bay_orthoreovirus,Unassigned,Reoviridae,NA,Orthoreovirus,0,NA,0,0,0,NA,NA,23500,3,3,TRUE,TRUE,N,DS,RNA,non-enveloped,0,0
New_York_virus,Unassigned,Bunyaviridae,NA,Hantavirus,0,NA,0,1,1,NA,NA,15450,9,4,TRUE,TRUE,N,SS,RNA,enveloped,1,1
Newcastle_disease_virus,Mononegavirales,Paramyxoviridae,NA,Avulavirus,1,NA,0,1,1,15186,15198,15192,10233,5709,TRUE,FALSE,N,SS,RNA,enveloped,0,0
Nipah_virus,Mononegavirales,Paramyxoviridae,Paramyxovirinae,Henipavirus,0,01.048.1.04.002.,0,1,1,NA,NA,18246,516,374,TRUE,FALSE,N,SS,RNA,enveloped,1,1
Norwalk_virus,Unassigned,Caliciviridae,NA,Norovirus,1,00.012.0.03.001.,0,1,1,NA,NA,7654,773,787,TRUE,FALSE,N,SS,RNA,non-enveloped,1,0
Ntaya_virus,Unassigned,Flaviviridae,NA,Flavivirus,0,00.026.0.01.033.,0,1,0,NA,NA,11000,2,4,TRUE,FALSE,Y,SS,RNA,enveloped,0,0
Nyando_virus,Unassigned,Bunyaviridae,NA,Orthobunyavirus,0,00.011.0.01.034.,0,1,1,12300,13450,12875,2,5,TRUE,TRUE,Y,SS,RNA,enveloped,0,0
O'nyong-nyong_virus,Unassigned,Togaviridae,NA,Alphavirus,0,00.073.0.01.019.,0,1,1,NA,NA,11835,21,33,TRUE,FALSE,Y,SS,RNA,enveloped,1,0
Oita_virus,Mononegavirales,Rhabdoviridae,NA,Unassigned,0,NA,0,0,0,NA,NA,NA,4,1,TRUE,FALSE,NA,SS,RNA,enveloped,0,0
Okola_virus,Unassigned,Bunyaviridae,NA,Unassigned,0,00.011.0.00.413.,0,1,0,10500,22700,16600,2,1,TRUE,TRUE,Y,SS,RNA,enveloped,0,0
Oliveros_virus,Unassigned,Arenaviridae,NA,Arenavirus,0,00.003.0.01.013.,0,0,0,NA,NA,10719,8,5,TRUE,TRUE,N,SS,RNA,enveloped,0,0
Omsk_hemorrhagic_fever_virus,Unassigned,Flaviviridae,NA,Flavivirus,0,00.026.0.01.034.,0,1,1,NA,NA,10787,16,22,TRUE,FALSE,Y,SS,RNA,enveloped,1,1
Orf_virus,Unassigned,Poxviridae,Chordopoxvirinae,Parapoxvirus,1,00.058.1.02.001.,0,1,1,NA,NA,139962,334,311,TRUE,FALSE,N,DS,DNA,enveloped,1,1
Oriboca_virus,Unassigned,Bunyaviridae,NA,Orthobunyavirus,0,NA,0,1,0,NA,NA,12259,5,8,TRUE,TRUE,Y,SS,RNA,enveloped,1,0
Oropouche_virus,Unassigned,Bunyaviridae,NA,Orthobunyavirus,0,00.011.0.01.037.,0,1,1,NA,NA,11985,45,41,TRUE,TRUE,Y,SS,RNA,enveloped,1,0
Orungo_virus,Unassigned,Reoviridae,Sedoreovirinae,Orbivirus,0,00.060.0.02.014.,0,1,1,NA,NA,19200,15,14,TRUE,TRUE,Y,DS,RNA,non-enveloped,1,0
Ovine_adenovirus_A,Unassigned,Adenoviridae,NA,Mastadenovirus,0,00.001.0.01.015.,0,0,0,NA,NA,33034,90,1,FALSE,FALSE,N,DS,DNA,non-enveloped,0,0
Ovine_adenovirus_D,Unassigned,Adenoviridae,NA,Atadenovirus,1,00.001.0.03.001.,0,0,0,NA,NA,29576,1,1,FALSE,FALSE,N,DS,DNA,non-enveloped,0,0
Ovine_astrovirus,Unassigned,Astroviridae,NA,Mamastrovirus,0,00.005.0.01.006.,0,0,0,NA,NA,6440,4,5,TRUE,FALSE,N,SS,RNA,non-enveloped,0,0
Ovine_herpesvirus_2,Herpesvirales,Herpesviridae,Gammaherpesvirinae,Rhadinovirus,0,NA,0,0,0,NA,NA,135135,136,101,FALSE,FALSE,N,DS,DNA,enveloped,0,0
Ovine_papillomavirus_1,Unassigned,Papillomaviridae,NA,Deltapapillomavirus,0,NA,0,0,0,NA,NA,7761,1,1,FALSE,FALSE,N,DS,DNA,non-enveloped,0,0
Palyam_virus,Unassigned,Reoviridae,Sedoreovirinae,Orbivirus,0,00.060.0.02.015.,0,1,1,NA,NA,19200,6,11,TRUE,TRUE,Y,DS,RNA,non-enveloped,1,1
Pampa_virus,Unassigned,Arenaviridae,NA,Arenavirus,Tentative in genus,NA,0,0,0,NA,NA,7400,1,1,TRUE,TRUE,N,SS,RNA,enveloped,0,0
Parainfluenza_virus_5,Mononegavirales,Paramyxoviridae,Paramyxovirinae,Rubulavirus,0,NA,0,1,1,NA,NA,15246,55,91,TRUE,FALSE,NA,SS,RNA,enveloped,1,1
Parana_virus,Unassigned,Arenaviridae,NA,Arenavirus,0,NA,0,0,0,NA,NA,10494,2,4,TRUE,TRUE,N,SS,RNA,enveloped,0,0
Parapoxvirus_of_red_deer_in_New_Zealand,Unassigned,Poxviridae,Chordopoxvirinae,Parapoxvirus,0,NA,0,0,0,NA,NA,139981,4,4,TRUE,FALSE,N,DS,DNA,enveloped,0,0
Patois_virus,Unassigned,Bunyaviridae,NA,Orthobunyavirus,0,00.011.0.01.038.,0,1,0,12300,12450,12375,2,2,TRUE,TRUE,Y,SS,RNA,enveloped,1,0
Peruvian_horse_sickness_virus,Unassigned,Reoviridae,Sedoreovirinae,Orbivirus,0,NA,0,0,0,NA,NA,19748,2,2,TRUE,TRUE,Y,DS,RNA,non-enveloped,0,0
Peste-des-petits-ruminants_virus,Mononegavirales,Paramyxoviridae,Paramyxovirinae,Morbillivirus,0,NA,0,0,0,NA,NA,15948,305,260,TRUE,FALSE,N,SS,RNA,enveloped,0,0
Phnom_Penh_bat_virus,Unassigned,Flaviviridae,NA,Flavivirus,0,NA,0,0,0,NA,NA,10131,3,2,TRUE,FALSE,N,SS,RNA,enveloped,0,0
Phocid_herpesvirus_1,Herpesvirales,Herpesviridae,Alphaherpesvirinae,Varicellovirus,0,NA,0,0,0,NA,NA,125000,13,13,FALSE,FALSE,N,DS,DNA,enveloped,0,0
Phocine_distemper_virus,Mononegavirales,Paramyxoviridae,Paramyxovirinae,Morbillivirus,0,NA,0,0,0,NA,NA,15696,150,140,TRUE,FALSE,N,SS,RNA,enveloped,0,0
Phocoena_spinipinnis_papillomavirus,Unassigned,Papillomaviridae,NA,Omikronpapillomavirus,1,NA,0,0,0,NA,NA,7879,1,1,FALSE,FALSE,N,DS,DNA,non-enveloped,0,0
Pichinde_virus,Unassigned,Arenaviridae,NA,Arenavirus,0,00.003.0.01.015.,0,1,0,NA,NA,10416,144,157,TRUE,TRUE,N,SS,RNA,enveloped,1,0
Pig-tailed_macaque_parvovirus,Unassigned,Parvoviridae,Parvovirinae,Erythrovirus,0,NA,0,0,0,NA,NA,NA,0,0,FALSE,FALSE,N,SS,DNA,non-enveloped,0,0
Pirital_virus,Unassigned,Arenaviridae,NA,Arenavirus,0,00.003.0.01.016.,0,0,0,NA,NA,10482,15,11,TRUE,TRUE,N,SS,RNA,enveloped,0,0
Piry_virus,Mononegavirales,Rhabdoviridae,NA,Vesiculovirus,0,NA,0,1,1,NA,NA,11000,22,18,TRUE,FALSE,Y,SS,RNA,enveloped,0,0
Pixuna_virus,Unassigned,Togaviridae,NA,Alphavirus,0,00.073.0.01.020.,0,1,0,NA,NA,11344,6,13,TRUE,FALSE,Y,SS,RNA,enveloped,1,0
Poliovirus,Picornavirales,Picornaviridae,NA,Enterovirus,1,00.052.0.01.001.,0,1,1,NA,NA,7440,8538,13829,TRUE,FALSE,N,SS,RNA,non-enveloped,0,0
Pongine_herpesvirus_1,Herpesvirales,Herpesviridae,Gammaherpesvirinae,Lymphocryptovirus,0,NA,0,0,0,NA,NA,170000,0,0,FALSE,FALSE,N,DS,DNA,enveloped,0,0
Pongine_herpesvirus_2,Herpesvirales,Herpesviridae,Gammaherpesvirinae,Lymphocryptovirus,0,NA,0,0,0,NA,NA,180000,0,0,FALSE,FALSE,N,DS,DNA,enveloped,0,0
Pongine_herpesvirus_3,Herpesvirales,Herpesviridae,Gammaherpesvirinae,Lymphocryptovirus,0,NA,0,0,0,NA,NA,180000,0,0,FALSE,FALSE,N,DS,DNA,enveloped,0,0
Pongine_herpesvirus_4,Herpesvirales,Herpesviridae,Betaherpesvirinae,Cytomegalovirus,0,NA,0,0,0,NA,NA,241087,0,0,FALSE,FALSE,N,DS,DNA,enveloped,0,0
Porcine_adenovirus_A,Unassigned,Adenoviridae,NA,Mastadenovirus,0,00.001.0.01.017.,0,0,0,NA,NA,34094,104,1,FALSE,FALSE,NA,DS,DNA,non-enveloped,0,0
Porcine_adenovirus_B,Unassigned,Adenoviridae,NA,Mastadenovirus,0,00.001.0.01.018.,0,0,0,NA,NA,35500,1,1,FALSE,FALSE,NA,DS,DNA,non-enveloped,0,0
Porcine_adenovirus_C,Unassigned,Adenoviridae,NA,Mastadenovirus,0,00.001.0.01.019.,0,0,0,NA,NA,32621,1,1,FALSE,FALSE,NA,DS,DNA,non-enveloped,0,0
Porcine_astrovirus,Unassigned,Astroviridae,NA,Mamastrovirus,0,00.005.0.01.007.,0,0,0,6318,6500,6479.25,6,9,TRUE,FALSE,NA,SS,RNA,non-enveloped,0,0
Porcine_circovirus-1,Unassigned,Circoviridae,NA,Circovirus,1,00.016.0.01.001.,0,0,0,NA,NA,1758,11,11,FALSE,FALSE,N,SS,DNA,non-enveloped,0,0
Porcine_circovirus-2,Unassigned,Circoviridae,NA,Circovirus,0,00.016.0.01.005.,0,0,0,NA,NA,1768,184,156,FALSE,FALSE,N,SS,DNA,non-enveloped,0,0
Porcine_enteric_sapovirus,Unassigned,Caliciviridae,NA,Sapovirus,Tentative in genus,NA,0,0,0,NA,NA,7342,2,1,TRUE,FALSE,N,SS,RNA,non-enveloped,0,0
Porcine_enterovirus_A,Picornavirales,Picornaviridae,NA,Enterovirus,0,NA,0,0,0,7491,7572,7531.5,1,1,TRUE,FALSE,N,SS,RNA,non-enveloped,0,0
Porcine_enterovirus_B,Picornavirales,Picornaviridae,NA,Enterovirus,0,NA,0,0,0,7388,7393,7390.5,5,5,TRUE,FALSE,N,SS,RNA,non-enveloped,0,0
Porcine_epidemic_diarrhea_virus,Nidovirales,Coronaviridae,Coronavirinae,Alphacoronavirus,0,03.019.0.01.008.,0,0,0,NA,NA,28033,105,108,TRUE,FALSE,N,SS,RNA,enveloped,0,0
Porcine_hemagglutinating_encephalomyelitis_virus,Nidovirales,Coronaviridae,NA,Coronavirus,0,03.019.0.01.009.,0,0,0,NA,NA,30480,14,18,TRUE,FALSE,N,SS,RNA,enveloped,0,0
Porcine_parvovirus,Unassigned,Parvoviridae,Parvovirinae,Parvovirus,0,NA,0,0,0,5516,5805,5660.5,551,478,FALSE,FALSE,N,SS,DNA,non-enveloped,0,0
Porcine_reproductive_and_respiratory_syndrome_virus,Nidovirales,Arteriviridae,NA,Arterivirus,0,NA,0,0,0,15347,15352,15349.5,1651,1249,TRUE,FALSE,N,SS,RNA,enveloped,0,0
Porcine_rubulavirus,Mononegavirales,Paramyxoviridae,Paramyxovirinae,Rubulavirus,0,NA,0,0,0,NA,NA,15180,35,30,TRUE,FALSE,N,SS,RNA,enveloped,0,0
Porcine_teschovirus,Picornavirales,Picornaviridae,NA,Teschovirus,1,NA,0,0,0,NA,NA,7117,51,44,TRUE,FALSE,N,SS,RNA,non-enveloped,0,0
Porcine_torovirus,Nidovirales,Coronaviridae,Torovirinae,Torovirus,0,NA,0,0,0,NA,NA,28301,11,11,TRUE,FALSE,N,SS,RNA,enveloped,0,0
Porcine_type-C_oncovirus,Unassigned,Retroviridae,Orthoretrovirinae,Gammaretrovirus,0,NA,0,0,0,NA,NA,8300,0,0,FALSE,FALSE,N,SS,RNA,enveloped,0,0
Possum_adenovirus,Unassigned,Adenoviridae,NA,Atadenovirus,0,00.001.0.03.007.,0,0,0,NA,NA,30000,3,3,FALSE,FALSE,N,DS,DNA,non-enveloped,0,0
Powassan_virus,Unassigned,Flaviviridae,NA,Flavivirus,0,NA,0,1,1,10746,10839,10792.5,162,97,TRUE,FALSE,Y,SS,RNA,enveloped,1,1
Primate_T-lymphotropic_virus_1,Unassigned,Retroviridae,Orthoretrovirinae,Deltaretrovirus,0,NA,0,1,0,NA,NA,9028,1,4,FALSE,FALSE,N,SS,RNA,enveloped,1,0
Primate_T-lymphotropic_virus_2,Unassigned,Retroviridae,NA,Deltaretrovirus,0,NA,0,1,1,8507,9028,8767.5,2,2,FALSE,FALSE,N,SS,RNA,enveloped,1,1
Primate_T-lymphotropic_virus_3,Unassigned,Retroviridae,Orthoretrovirinae,Deltaretrovirus,0,NA,0,1,1,NA,NA,8918,1,17,FALSE,FALSE,N,SS,RNA,enveloped,1,1
Prospect_Hill_virus,Unassigned,Bunyaviridae,NA,Hantavirus,0,NA,0,0,0,NA,NA,11941,65,31,TRUE,TRUE,N,SS,RNA,enveloped,0,0
Pseudocowpox_virus,Unassigned,Poxviridae,Chordopoxvirinae,Parapoxvirus,0,NA,0,1,1,133169,145289,139229,54,46,TRUE,FALSE,N,DS,DNA,enveloped,1,1
Puma_lentivirus,Unassigned,Retroviridae,Orthoretrovirinae,Lentivirus,0,NA,0,0,0,NA,NA,9750,21,20,FALSE,FALSE,N,SS,RNA,enveloped,0,0
Punta_Toro_virus,Unassigned,Bunyaviridae,NA,Phlebovirus,0,00.011.0.04.006.,0,1,1,11400,14700,13050,67,51,TRUE,TRUE,Y,SS,RNA,enveloped,1,0
Puumala_virus,Unassigned,Bunyaviridae,NA,Hantavirus,0,NA,0,1,1,NA,NA,12062,395,409,TRUE,TRUE,N,SS,RNA,enveloped,1,1
Qalyub_virus,Unassigned,Bunyaviridae,NA,Nairovirus,0,NA,0,0,0,19229,19764,19451.5,3,3,TRUE,TRUE,Y,SS,RNA,enveloped,0,0
Quaranfil_virus,Unassigned,Orthomyxoviridae,NA,Unassigned,0,NA,0,1,1,NA,NA,NA,15,11,NA,TRUE,Y,SS,RNA,enveloped,0,0
Rabbit_coronavirus,Nidovirales,Coronaviridae,NA,Coronavirus,Tentative in genus,NA,0,0,0,30904,31116,31010,5,7,TRUE,FALSE,N,SS,RNA,enveloped,0,0
Rabbit_fibroma_virus,Unassigned,Poxviridae,Chordopoxvirinae,Leporipoxvirus,0,NA,0,0,0,NA,NA,159857,59,134,TRUE,FALSE,N,DS,DNA,enveloped,0,0
Rabbit_hemorrhagic_disease_virus,Unassigned,Caliciviridae,NA,Lagovirus,1,00.012.0.02.001.,0,0,0,NA,NA,7437,132,291,TRUE,FALSE,N,SS,RNA,non-enveloped,0,0
Rabbit_kidney_vacuolating_virus,Unassigned,Polyomaviridae,NA,Polyomavirus,NA,NA,0,0,0,NA,NA,5000,5,7,FALSE,FALSE,N,DS,DNA,non-enveloped,0,0
Rabbit_oral_papillomavirus,Unassigned,Papillomaviridae,NA,Kappapapillomavirus,0,NA,0,0,0,NA,NA,7565,11,13,FALSE,FALSE,N,DS,DNA,non-enveloped,0,0
Rabies_virus,Mononegavirales,Rhabdoviridae,NA,Lyssavirus,1,01.062.0.02.001.,0,1,1,NA,NA,11932,2953,4483,TRUE,FALSE,N,SS,RNA,enveloped,1,1
Racoonpox_virus,Unassigned,Poxviridae,Chordopoxvirinae,Orthopoxvirus,0,NA,0,0,0,NA,NA,210000,1,0,TRUE,FALSE,N,DS,DNA,enveloped,0,0
Rat_coronavirus,Nidovirales,Coronaviridae,NA,Coronavirus,0,03.019.0.01.011.,0,0,0,NA,NA,31250,32,56,TRUE,FALSE,N,SS,RNA,enveloped,0,0
Rat_minute_virus_1,Unassigned,Parvoviridae,NA,Parvovirus,Tentative in genus,NA,0,0,0,NA,NA,NA,1,1,FALSE,FALSE,N,SS,DNA,non-enveloped,0,0
Rat_parvovirus_1,Unassigned,Parvoviridae,NA,Parvovirus,Tentative in genus,NA,0,0,0,NA,NA,4759,1,1,FALSE,FALSE,N,SS,DNA,non-enveloped,0,0
Reston_ebolavirus,Mononegavirales,Filoviridae,NA,Ebolavirus,0,NA,0,1,0,18836,18895,18865.5,25,24,TRUE,FALSE,N,SS,RNA,enveloped,1,0
Rhesus_macaque_parvovirus,Unassigned,Parvoviridae,Parvovirinae,Erythrovirus,0,NA,0,0,0,NA,NA,NA,0,0,FALSE,FALSE,N,SS,DNA,non-enveloped,0,0
Rhesus_monkey_papillomavirus_1,Unassigned,Papillomaviridae,NA,Alphapapillomavirus,0,NA,0,0,0,NA,NA,8028,0,0,FALSE,FALSE,N,DS,DNA,non-enveloped,0,0
Rift_Valley_fever_virus,Unassigned,Bunyaviridae,NA,Phlebovirus,1,00.011.0.04.007.,0,1,1,NA,NA,11979,459,644,TRUE,TRUE,Y,SS,RNA,enveloped,1,1
Rinderpest_virus,Mononegavirales,Paramyxoviridae,Paramyxovirinae,Morbillivirus,0,NA,0,0,0,NA,NA,15882,548,627,TRUE,FALSE,N,SS,RNA,enveloped,0,0
Rio_Bravo_virus,Unassigned,Flaviviridae,NA,Flavivirus,0,00.026.0.01.037.,0,1,0,NA,NA,10140,5,6,TRUE,FALSE,Y,SS,RNA,enveloped,1,0
Rio_Mamore_virus,Unassigned,Bunyaviridae,NA,Hantavirus,0,NA,0,1,1,NA,NA,12183,12,12,TRUE,TRUE,N,SS,RNA,enveloped,1,1
Rio_Negro_virus,Unassigned,Togaviridae,NA,Alphavirus,0,00.073.0.01.029.,0,1,0,NA,NA,11494,3,3,TRUE,FALSE,Y,SS,RNA,enveloped,0,0
Rio_Segundo_virus,Unassigned,Bunyaviridae,NA,Hantavirus,0,NA,0,0,0,NA,NA,15450,0,0,TRUE,TRUE,N,SS,RNA,enveloped,0,0
Ross_River_virus,Unassigned,Togaviridae,NA,Alphavirus,0,00.073.0.01.021.,0,1,1,NA,NA,11657,486,405,TRUE,FALSE,Y,SS,RNA,enveloped,1,1
Rotavirus_A,Unassigned,Reoviridae,Sedoreovirinae,Rotavirus,1,00.060.0.03.001.,0,1,1,528,3267,18562,9291,62,TRUE,TRUE,N,DS,RNA,non-enveloped,1,1
Rotavirus_B,Unassigned,Reoviridae,Sedoreovirinae,Rotavirus,0,00.060.0.03.002.,0,1,1,16500,21000,18750,5,34,TRUE,TRUE,N,DS,RNA,non-enveloped,1,1
Rotavirus_C,Unassigned,Reoviridae,Sedoreovirinae,Rotavirus,0,00.060.0.03.003.,0,1,1,613,3309,17910,7,5,TRUE,TRUE,N,DS,RNA,non-enveloped,1,1
Rotavirus_E,Unassigned,Reoviridae,Sedoreovirinae,Rotavirus,0,00.060.0.03.005.,0,0,0,16500,21000,18750,6,4,TRUE,TRUE,N,DS,RNA,non-enveloped,0,0
Rubella_virus,Unassigned,Togaviridae,NA,Rubivirus,1,00.073.0.02.001.,0,1,1,NA,NA,9762,1506,3672,TRUE,FALSE,N,SS,RNA,enveloped,0,0
Sabia_virus,Unassigned,Arenaviridae,NA,Arenavirus,0,00.003.0.01.017.,0,1,1,NA,NA,10499,22,18,TRUE,TRUE,N,SS,RNA,enveloped,0,0
Saboya_virus,Unassigned,Flaviviridae,NA,Flavivirus,0,NA,0,0,0,11440,11443,11441.5,2,2,TRUE,FALSE,Y,SS,RNA,enveloped,0,0
Saimiriine_herpesvirus_1,Herpesvirales,Herpesviridae,NA,Simplexvirus,0,NA,0,0,0,NA,NA,156742,3,3,FALSE,FALSE,N,DS,DNA,enveloped,0,0
Saimiriine_herpesvirus_2,Herpesvirales,Herpesviridae,Gammaherpesvirinae,Rhadinovirus,1,00.031.3.02.001.,0,0,0,NA,NA,112930,10,493,FALSE,FALSE,N,DS,DNA,enveloped,0,0
Sal_Vieja_virus,Unassigned,Flaviviridae,NA,Flavivirus,0,NA,0,0,0,NA,NA,10500,0,1,TRUE,FALSE,Y,SS,RNA,enveloped,0,0
Salehabad_virus,Unassigned,Bunyaviridae,NA,Phlebovirus,0,00.011.0.04.008.,0,0,0,11400,14700,13050,1,1,TRUE,TRUE,Y,SS,RNA,enveloped,0,0
Salem_virus,Mononegavirales,Paramyxoviridae,NA,Unassigned,0,NA,0,0,0,NA,NA,16698,4,4,TRUE,FALSE,N,SS,RNA,enveloped,0,0
San_Perlita_virus,Unassigned,Flaviviridae,NA,Flavivirus,0,NA,0,0,0,NA,NA,10500,1,1,TRUE,FALSE,Y,SS,RNA,enveloped,0,0
Sandfly_fever_Naples_virus,Unassigned,Bunyaviridae,NA,Phlebovirus,0,00.011.0.04.009.,0,1,1,NA,NA,12488,10,69,TRUE,TRUE,Y,SS,RNA,enveloped,1,1
Sandfly_fever_Sicilian_virus,Unassigned,Bunyaviridae,NA,Phlebovirus,Tentative in genus,00.011.0.84.011.,0,1,1,NA,NA,11300,13,17,TRUE,TRUE,Y,SS,RNA,enveloped,1,0
Sapporo_virus,Unassigned,Caliciviridae,NA,Sapovirus,Tentative in genus,00.012.0.04.001.,0,1,1,7320,7521,7420,33,20,TRUE,FALSE,N,SS,RNA,non-enveloped,0,0
Sathuperi_virus,Unassigned,Bunyaviridae,NA,Orthobunyavirus,0,NA,0,0,0,NA,NA,12034,2,3,TRUE,TRUE,Y,SS,RNA,enveloped,0,0
Sciurid_herpesvirus_1,Unassigned,Herpesviridae,NA,Ictalurivirus,1,NA,0,0,0,NA,NA,134000,1,1,FALSE,FALSE,N,DS,DNA,enveloped,0,0
Sciurid_herpesvirus_2,Unassigned,Herpesviridae,NA,Ictalurivirus,0,NA,0,0,0,NA,NA,134000,1,1,FALSE,FALSE,N,DS,DNA,enveloped,0,0
Sealpox_virus,Unassigned,Poxviridae,Chordopoxvirinae,Parapoxvirus,Tentative in genus,NA,0,1,1,NA,NA,140000,7,4,TRUE,FALSE,N,DS,DNA,enveloped,1,1
Semliki_Forest_virus,Unassigned,Togaviridae,NA,Alphavirus,0,00.073.0.01.023.,0,1,0,NA,NA,11442,2440,2092,TRUE,FALSE,Y,SS,RNA,enveloped,1,0
Sendai_virus,Mononegavirales,Paramyxoviridae,Paramyxovirinae,Respirovirus,1,01.048.1.01.001.,0,0,0,NA,NA,15384,3406,3250,TRUE,FALSE,N,SS,RNA,enveloped,0,0
Seoul_virus,Unassigned,Bunyaviridae,NA,Hantavirus,0,NA,0,1,0,NA,NA,11950,141,141,TRUE,TRUE,N,SS,RNA,enveloped,1,0
Sepik_virus,Unassigned,Flaviviridae,NA,Flavivirus,0,NA,0,0,0,NA,NA,10793,12,3,TRUE,FALSE,Y,SS,RNA,enveloped,0,0
Severe_acute_respiratory_syndrome-related_coronavirus,Nidovirales,Coronaviridae,Coronavirinae,Betacoronavirus,0,NA,0,1,0,NA,NA,29751,5,6,TRUE,FALSE,N,SS,RNA,enveloped,1,0
Shamonda_virus,Unassigned,Bunyaviridae,NA,Orthobunyavirus,0,NA,0,1,1,NA,NA,12104,1,2,TRUE,TRUE,Y,SS,RNA,enveloped,1,1
Sheeppox_virus,Unassigned,Poxviridae,Chordopoxvirinae,Capripoxvirus,1,00.058.1.04.001.,0,0,0,NA,NA,149955,24,24,TRUE,FALSE,N,DS,DNA,enveloped,0,0
Shuni_virus,Unassigned,Bunyaviridae,NA,Orthobunyavirus,0,NA,0,1,1,NA,NA,12135,1,1,TRUE,TRUE,Y,SS,RNA,enveloped,1,1
Simbu_virus,Unassigned,Bunyaviridae,NA,Orthobunyavirus,0,00.011.0.01.043.,0,0,0,NA,NA,12172,2,103,TRUE,TRUE,Y,SS,RNA,enveloped,0,0
Simian_adenovirus,Unassigned,Adenoviridae,NA,Mastadenovirus,Tentative in genus,NA,0,0,0,34450,34510,34480,155,194,FALSE,FALSE,N,DS,DNA,non-enveloped,0,0
Simian_enterovirus_A,Picornavirales,Picornaviridae,NA,Enterovirus,0,NA,0,0,0,NA,NA,7374,0,0,TRUE,FALSE,N,SS,RNA,non-enveloped,0,0
Simian_foamy_virus,Unassigned,Retroviridae,Spumaretrovirinae,Spumavirus,1,00.061.2.07.001.,0,1,1,NA,NA,13246,151,144,FALSE,FALSE,N,SS,RNA,enveloped,1,1
Simian_hemorrhagic_fever_virus,Nidovirales,Arteriviridae,NA,Arterivirus,0,NA,0,0,0,15204,15717,15460.5,32,35,TRUE,FALSE,N,SS,RNA,enveloped,0,0
Simian_immunodeficiency_virus,Unassigned,Retroviridae,Orthoretrovirinae,Lentivirus,0,00.061.1.06.011.,0,0,0,NA,NA,9623,4718,5546,FALSE,FALSE,N,SS,RNA,enveloped,0,0
Simian_parvovirus,Unassigned,Parvoviridae,Parvovirinae,Erythrovirus,0,NA,0,1,0,NA,NA,NA,30,13,FALSE,FALSE,N,SS,DNA,non-enveloped,1,0
Simian_virus_10,Mononegavirales,Paramyxoviridae,Paramyxovirinae,Respirovirus,0,01.048.1.01.006.,0,1,0,NA,NA,15000,4,1,TRUE,FALSE,N,SS,RNA,enveloped,1,0
Simian_virus_12,Unassigned,Polyomaviridae,NA,Polyomavirus,0,NA,0,0,0,NA,NA,5206,1,1,FALSE,FALSE,NA,DS,DNA,non-enveloped,0,0
Simian_virus_40,Unassigned,Polyomaviridae,NA,Polyomavirus,1,00.047.0.01.001.,0,1,1,NA,NA,5243,7091,13452,FALSE,FALSE,NA,DS,DNA,non-enveloped,1,1
Simian_virus_5,Mononegavirales,Paramyxoviridae,Paramyxovirinae,Rubulavirus,0,NA,0,0,0,NA,NA,15246,275,233,TRUE,FALSE,NA,SS,RNA,enveloped,0,0
Sin_Nombre_virus,Unassigned,Bunyaviridae,NA,Hantavirus,0,00.011.0.02.019.,0,1,1,NA,NA,12317,366,240,TRUE,TRUE,N,SS,RNA,enveloped,1,1
Sindbis_virus,Unassigned,Togaviridae,NA,Alphavirus,1,00.073.0.01.001.,0,1,1,NA,NA,11703,2290,2380,TRUE,FALSE,Y,SS,RNA,enveloped,1,0
Southern_elephant_seal_virus,Unassigned,Togaviridae,NA,Alphavirus,0,NA,0,0,0,NA,NA,11245,2,2,TRUE,FALSE,NA,SS,RNA,enveloped,0,0
Squirrel_adenovirus,Unassigned,Adenoviridae,NA,Mastadenovirus,Tentative in genus,NA,0,0,0,NA,NA,35500,1,0,FALSE,FALSE,N,DS,DNA,non-enveloped,0,0
Squirrel_fibroma_virus,Unassigned,Poxviridae,Chordopoxvirinae,Leporipoxvirus,0,NA,0,0,0,NA,NA,160000,2,3,TRUE,FALSE,N,DS,DNA,enveloped,0,0
Squirrel_monkey_retrovirus,Unassigned,Retroviridae,Orthoretrovirinae,Betaretrovirus,NA,NA,0,0,0,NA,NA,8785,29,39,FALSE,FALSE,N,SS,RNA,enveloped,0,0
Squirrel_parapoxvirus,Unassigned,Poxviridae,Chordopoxvirinae,Parapoxvirus,0,NA,0,0,0,NA,NA,140000,3,1,TRUE,FALSE,N,DS,DNA,enveloped,0,0
St._Louis_encephalitis_virus,Unassigned,Flaviviridae,NA,Flavivirus,0,00.026.0.01.044.,0,1,1,NA,NA,10940,138,488,TRUE,FALSE,Y,SS,RNA,enveloped,1,1
Sudan_ebolavirus,Mononegavirales,Filoviridae,NA,Ebolavirus,0,NA,0,1,1,NA,NA,18875,15,14,TRUE,FALSE,N,SS,RNA,enveloped,0,0
Suid_herpesvirus_1,Herpesvirales,Herpesviridae,Alphaherpesvirinae,Varicellovirus,0,NA,0,1,0,137764,144489,141126.5,138,2250,FALSE,FALSE,N,DS,DNA,enveloped,1,0
Swine_norovirus,Unassigned,Caliciviridae,NA,Norovirus,Tentative in genus,NA,0,0,0,NA,NA,7800,1,1,TRUE,FALSE,N,SS,RNA,non-enveloped,0,0
Swinepox_virus,Unassigned,Poxviridae,Chordopoxvirinae,Suipoxvirus,1,00.058.1.06.001.,0,0,0,NA,NA,146454,138,45,TRUE,FALSE,N,DS,DNA,enveloped,0,0
Tacaiuma_virus,Unassigned,Bunyaviridae,NA,Orthobunyavirus,0,NA,0,1,1,960,NA,12400,4,3,TRUE,TRUE,Y,SS,RNA,enveloped,1,0
Tacaribe_virus,Unassigned,Arenaviridae,NA,Arenavirus,0,00.003.0.01.018.,0,1,0,NA,NA,10534,80,80,TRUE,TRUE,N,SS,RNA,enveloped,1,0
Tamana_bat_virus,Unassigned,Flaviviridae,NA,Flavivirus,Tentative in genus,NA,0,0,0,NA,NA,10428,7,3,TRUE,FALSE,Y,SS,RNA,enveloped,0,0
Tamdy_virus,Unassigned,Bunyaviridae,NA,Unassigned,0,NA,0,1,1,NA,NA,NA,3,1,TRUE,TRUE,Y,SS,RNA,enveloped,0,0
Tamiami_virus,Unassigned,Arenaviridae,NA,Arenavirus,0,00.003.0.01.019.,0,0,0,NA,NA,10674,17,9,TRUE,TRUE,N,SS,RNA,enveloped,0,0
Tanapox_virus,Unassigned,Poxviridae,Chordopoxvirinae,Yatapoxvirus,0,NA,0,1,1,144553,144565,144559,34,17,TRUE,FALSE,N,DS,DNA,enveloped,1,0
Tataguine_virus,Unassigned,Bunyaviridae,NA,Unassigned,0,NA,0,1,1,NA,NA,16790,8,6,TRUE,TRUE,Y,SS,RNA,enveloped,0,0
Taterapox_virus,Unassigned,Poxviridae,Chordopoxvirinae,Orthopoxvirus,0,NA,0,0,0,NA,NA,198050,1,2,TRUE,FALSE,N,DS,DNA,enveloped,0,0
Tembusu_virus,Unassigned,Flaviviridae,NA,Flavivirus,0,NA,0,1,0,NA,NA,10916,3,6,TRUE,FALSE,Y,SS,RNA,enveloped,1,0
Thailand_virus,Unassigned,Bunyaviridae,NA,Hantavirus,0,NA,0,1,0,NA,NA,15450,26,21,TRUE,TRUE,N,SS,RNA,enveloped,1,0
Theilovirus,Picornavirales,Picornaviridae,NA,Cardiovirus,0,NA,0,0,0,NA,NA,8101,15,587,TRUE,FALSE,N,SS,RNA,non-enveloped,0,0
Thiafora_virus,Unassigned,Bunyaviridae,NA,Nairovirus,0,NA,0,1,0,NA,NA,15450,0,0,TRUE,TRUE,Y,SS,RNA,enveloped,1,0
Thogoto_virus,Unassigned,Orthomyxoviridae,NA,Thogotovirus,1,00.046.0.03.001.,0,1,1,NA,NA,10461,131,84,TRUE,TRUE,Y,SS,RNA,enveloped,1,1
Thottapalayam_virus,Unassigned,Bunyaviridae,NA,Hantavirus,0,NA,0,0,0,NA,NA,11732,35,15,TRUE,TRUE,N,SS,RNA,enveloped,0,0
Tick-borne_encephalitis_virus,Unassigned,Flaviviridae,NA,Flavivirus,0,00.026.0.01.046.,0,1,0,NA,NA,11141,1081,1357,TRUE,FALSE,Y,SS,RNA,enveloped,1,0
Tioman_virus,Mononegavirales,Paramyxoviridae,Paramyxovirinae,Rubulavirus,Tentative in genus,NA,0,1,0,NA,NA,15522,26,18,TRUE,FALSE,N,SS,RNA,enveloped,1,0
Tonate_virus,Unassigned,Togaviridae,NA,Alphavirus,0,00.073.0.01.033.,0,1,1,NA,NA,11500,6,6,TRUE,FALSE,NA,SS,RNA,enveloped,0,0
Topografov_virus,Unassigned,Bunyaviridae,NA,Hantavirus,0,NA,0,0,0,NA,NA,15450,3,3,TRUE,TRUE,N,SS,RNA,enveloped,0,0
Torque_Teno_virus,Unassigned,Anelloviridae,NA,Anellovirus,1,NA,0,1,1,3234,3814,3524,603,566,NA,FALSE,N,SS,DNA,non-enveloped,1,1
Transmissible_gastroenteritis_virus,Nidovirales,Coronaviridae,NA,Coronavirus,0,03.019.0.01.010.,0,0,0,NA,NA,28597,736,863,TRUE,FALSE,N,SS,RNA,enveloped,0,0
Tree_shrew_adenovirus,Unassigned,Adenoviridae,NA,Mastadenovirus,0,00.001.0.01.020.,0,0,0,NA,NA,33501,7,8,FALSE,FALSE,N,DS,DNA,non-enveloped,0,0
Trubanaman_virus,Unassigned,Bunyaviridae,NA,Unassigned,0,NA,0,1,0,NA,NA,11803,3,1,TRUE,TRUE,Y,SS,RNA,enveloped,1,0
Tula_virus,Unassigned,Bunyaviridae,NA,Hantavirus,0,NA,0,1,1,NA,NA,12066,52,39,TRUE,TRUE,N,SS,RNA,enveloped,1,1
Tupaia_paramyxovirus,Mononegavirales,Paramyxoviridae,NA,Unassigned,0,NA,0,0,0,NA,NA,17904,4,7,TRUE,FALSE,N,SS,RNA,enveloped,0,0
Tupaiid_herpesvirus_1,Herpesvirales,Herpesviridae,Betaherpesvirinae,Unassigned,0,NA,0,0,0,NA,NA,196000,0,0,FALSE,FALSE,N,DS,DNA,enveloped,0,0
Turlock_virus,Unassigned,Bunyaviridae,NA,Orthobunyavirus,0,00.011.0.01.048.,0,0,0,NA,NA,12250,10,11,TRUE,TRUE,Y,SS,RNA,enveloped,0,0
Uganda_S_virus,Unassigned,Flaviviridae,NA,Flavivirus,0,NA,0,0,0,NA,NA,10182,3,7,TRUE,FALSE,Y,SS,RNA,enveloped,0,0
Una_virus,Unassigned,Togaviridae,NA,Alphavirus,0,00.073.0.01.025.,0,1,0,NA,NA,11700,4,6,TRUE,FALSE,Y,SS,RNA,enveloped,1,0
Upolu_virus,Unassigned,Bunyaviridae,NA,Unassigned,0,NA,0,0,0,10500,22700,16600,1,1,TRUE,TRUE,Y,SS,RNA,enveloped,0,0
Usutu_virus,Unassigned,Flaviviridae,NA,Flavivirus,0,NA,0,1,1,NA,NA,11066,65,46,TRUE,FALSE,Y,SS,RNA,enveloped,1,0
Uukuniemi_virus,Unassigned,Bunyaviridae,NA,Phlebovirus,0,00.011.0.04.010.,0,1,0,NA,NA,11372,117,74,TRUE,TRUE,Y,SS,RNA,enveloped,1,0
Vaccinia_virus,Unassigned,Poxviridae,Chordopoxvirinae,Orthopoxvirus,1,NA,0,1,1,NA,NA,194711,9846,11148,TRUE,FALSE,N,DS,DNA,enveloped,1,0
Variola_virus,Unassigned,Poxviridae,Chordopoxvirinae,Orthopoxvirus,0,00.058.1.01.011.,0,1,1,NA,NA,185578,383,1028,TRUE,FALSE,N,DS,DNA,enveloped,0,0
Venezuelan_equine_encephalitis_virus,Unassigned,Togaviridae,NA,Alphavirus,0,00.073.0.01.026.,0,1,1,NA,NA,11444,415,1023,TRUE,FALSE,Y,SS,RNA,enveloped,1,1
Vesicular_exanthema_of_swine_virus,Unassigned,Caliciviridae,NA,Vesivirus,1,00.012.0.01.001.,0,0,0,NA,NA,8284,29,52,TRUE,FALSE,N,SS,RNA,non-enveloped,0,0
Vesicular_stomatitis_Alagoas_virus,Mononegavirales,Rhabdoviridae,NA,Vesiculovirus,0,NA,0,1,0,NA,NA,11070,1,0,TRUE,FALSE,Y,SS,RNA,enveloped,1,0
Vesicular_stomatitis_Indiana_virus,Mononegavirales,Rhabdoviridae,NA,Vesiculovirus,1,01.062.0.01.001.,0,1,0,NA,NA,11161,11,5023,TRUE,FALSE,Y,SS,RNA,enveloped,1,0
Vesicular_stomatitis_New_Jersey_virus,Mononegavirales,Rhabdoviridae,NA,Vesiculovirus,0,NA,0,1,0,NA,NA,11123,23,32,TRUE,FALSE,N,SS,RNA,enveloped,1,0
Visna/maedi_virus,Unassigned,Retroviridae,Orthoretrovirinae,Lentivirus,0,00.061.1.06.008.,0,0,0,NA,NA,9202,62,23,TRUE,FALSE,N,SS,RNA,enveloped,0,0
Volepox_virus,Unassigned,Poxviridae,Chordopoxvirinae,Orthopoxvirus,0,NA,0,0,0,NA,NA,210000,3,4,TRUE,FALSE,N,DS,DNA,enveloped,0,0
Wad_Medani_virus,Unassigned,Reoviridae,Sedoreovirinae,Orbivirus,0,NA,0,0,0,NA,NA,18009,0,2,TRUE,TRUE,Y,DS,RNA,non-enveloped,0,0
Wallal_virus,Unassigned,Reoviridae,Sedoreovirinae,Orbivirus,0,NA,0,0,0,NA,NA,19180,4,6,TRUE,TRUE,Y,DS,RNA,non-enveloped,0,0
Walrus_calicivirus,Unassigned,Caliciviridae,NA,Unassigned,0,NA,0,0,0,NA,NA,8289,4,6,TRUE,FALSE,N,SS,RNA,non-enveloped,0,0
Wanowrie_virus,Unassigned,Bunyaviridae,NA,Unassigned,0,NA,0,1,1,NA,NA,NA,5,4,TRUE,TRUE,Y,SS,RNA,enveloped,0,0
Warrego_virus,Unassigned,Reoviridae,Sedoreovirinae,Orbivirus,0,NA,0,0,0,15537,18590,17063.5,2,2,TRUE,TRUE,Y,DS,RNA,non-enveloped,0,0
Wesselsbron_virus,Unassigned,Flaviviridae,NA,Flavivirus,0,NA,0,1,1,NA,NA,10814,34,30,TRUE,FALSE,Y,SS,RNA,enveloped,1,1
West_Caucasian_bat_virus,Mononegavirales,Rhabdoviridae,NA,Lyssavirus,Tentative in genus,NA,0,0,0,NA,NA,12278,7,8,TRUE,FALSE,N,SS,RNA,enveloped,0,0
West_Nile_virus,Unassigned,Flaviviridae,NA,Flavivirus,0,00.026.0.01.051.,0,1,1,NA,NA,11029,4772,3935,TRUE,FALSE,Y,SS,RNA,enveloped,1,1
Western_equine_encephalitis_virus,Unassigned,Togaviridae,NA,Alphavirus,0,00.073.0.01.027.,0,1,1,NA,NA,11000,148,472,TRUE,FALSE,Y,SS,RNA,enveloped,1,1
Whitewater_Arroyo_virus,Unassigned,Arenaviridae,NA,Arenavirus,0,00.003.0.01.020.,0,1,1,NA,NA,10448,33,17,TRUE,TRUE,N,SS,RNA,enveloped,1,1
Witwatersrand_virus,Unassigned,Bunyaviridae,NA,Unassigned,0,NA,0,0,0,NA,NA,12251,1,1,TRUE,TRUE,Y,SS,RNA,enveloped,0,0
Wongorr_virus,Unassigned,Reoviridae,Sedoreovirinae,Orbivirus,0,NA,0,0,0,NA,NA,19200,1,1,TRUE,TRUE,Y,DS,RNA,non-enveloped,0,0
Woodchuck_hepatitis_virus,Unassigned,Hepadnaviridae,NA,Orthohepadnavirus,0,NA,0,0,0,NA,NA,3323,574,548,FALSE,FALSE,N,DS,DNA,enveloped,0,0
Woolly_monkey_sarcoma_virus,Unassigned,Retroviridae,Orthoretrovirinae,Gammaretrovirus,0,NA,0,1,0,NA,NA,5159,2,235,FALSE,FALSE,N,SS,RNA,enveloped,1,0
Wyeomyia_virus,Unassigned,Bunyaviridae,NA,Orthobunyavirus,0,NA,0,1,1,13015,13170,13097.5,2,1,TRUE,TRUE,Y,SS,RNA,enveloped,1,1
Yaba_monkey_tumor_virus,Unassigned,Poxviridae,Chordopoxvirinae,Yatapoxvirus,1,00.058.1.08.001.,0,1,0,NA,NA,134721,15,115,TRUE,FALSE,N,DS,DNA,enveloped,1,0
Yellow_fever_virus,Unassigned,Flaviviridae,NA,Flavivirus,1,00.026.0.01.001.,0,1,1,NA,NA,10862,1091,1230,TRUE,FALSE,Y,SS,RNA,enveloped,1,1
Yogue_virus,Unassigned,Bunyaviridae,NA,Unassigned,0,00.011.0.00.718.,0,0,0,10500,22700,16600,1,1,TRUE,TRUE,Y,SS,RNA,enveloped,0,0
Yokose_virus,Unassigned,Flaviviridae,NA,Flavivirus,0,00.011.0.00.718.,0,0,0,NA,NA,10857,5,5,TRUE,FALSE,Y,SS,RNA,enveloped,0,0
Zaire_ebolavirus,Mononegavirales,Filoviridae,NA,Ebolavirus,1,01.025.0.02.001.,0,1,1,NA,NA,18959,55,54,TRUE,FALSE,N,SS,RNA,enveloped,1,1
Zegla_virus,Unassigned,Bunyaviridae,NA,Orthobunyavirus,0,NA,0,0,0,NA,NA,NA,0,0,TRUE,TRUE,Y,SS,RNA,enveloped,0,0
Zika_virus,Unassigned,Flaviviridae,NA,Flavivirus,0,NA,0,1,1,NA,NA,10794,29,31,TRUE,FALSE,Y,SS,RNA,enveloped,1,0
