name,exact,type,order,species,rg_updated,species_updated,order_updated,notes
african horse sickness,FALSE,viruses,Reovirales,African horse sickness virus,,,,
bluetongue,FALSE,viruses,Reovirales,Bluetongue virus,,,,
canine distemper,FALSE,viruses,Mononegavirales,Canine morbillivirus,,,,
cowpox,FALSE,viruses,Chitovirales,Ectromelia virus,TRUE,Cowpox virus,Chitovirales,
feline immunodeficiency,FALSE,viruses,Ortervirales,Feline immunodeficiency virus,,,,
feline leukemia,FALSE,viruses,Ortervirales,Feline leukemia virus,,,,
influenza a,FALSE,viruses,Articulavirales,unidentified influenza virus,TRUE,Influenza A virus,Articulavirales,
rift valley,FALSE,viruses,Bunyavirales,Rift Valley fever phlebovirus,,,,
rotavirus a,FALSE,viruses,Reovirales,Rotavirus L,TRUE,Rotavirus A,Reovirales,
feline panleukopenia,FALSE,viruses,Piccovirales,Carnivore protoparvovirus 1,,,,
west nile,FALSE,viruses,Amarillovirales,West Nile virus,,,,
influenza b,FALSE,viruses,Articulavirales,unidentified influenza virus,TRUE,Influenza B virus,Articulavirales,
phocine distemper,FALSE,viruses,Mononegavirales,Phocine morbillivirus,,,,
lagos bat,FALSE,viruses,Mononegavirales,Lagos bat lyssavirus,,,,
vesicular stomatitis indiana,FALSE,viruses,Mononegavirales,Indiana vesiculovirus,,,,
tyuleniy,FALSE,viruses,Amarillovirales,Tyuleniy virus,,,,
vesicular exanthema of swine,FALSE,viruses,Picornavirales,Vesicular exanthema of swine virus,,,,
aichi,FALSE,viruses,Picornavirales,Aichivirus A,,,,
california encephalitis,FALSE,viruses,Bunyavirales,California encephalitis orthobunyavirus,,,,
colorado tick fever,FALSE,viruses,Reovirales,Colorado tick fever coltivirus,,,,
eastern equine encephalitis,FALSE,viruses,Martellivirales,Eastern equine encephalitis virus,,,,
powassan,FALSE,viruses,Amarillovirales,Powassan virus,,,,
st. louis encephalitis,FALSE,viruses,Amarillovirales,Saint Louis encephalitis virus,,,,
venezuelan equine encephalitis,FALSE,viruses,Martellivirales,Venezuelan equine encephalitis virus,,,,
vesicular stomatitis new jersey,FALSE,viruses,Mononegavirales,New Jersey vesiculovirus,,,,
borna disease,FALSE,viruses,Mononegavirales,Borna disease virus,,,,
canine minute,FALSE,viruses,Piccovirales,Carnivore bocaparvovirus 1,,,,
canine parainfluenza,FALSE,viruses,Mononegavirales,Canine parainfluenza virus,,,,
equine infectious anemia,FALSE,viruses,Ortervirales,Equine infectious anemia virus,,,,
influenza c,FALSE,viruses,Articulavirales,unidentified influenza virus,TRUE,Influenza C virus,Articulavirales,
japanese encephalitis,FALSE,viruses,Amarillovirales,Japanese encephalitis virus,,,,
mokola,FALSE,viruses,Mononegavirales,Zaire ebolavirus,TRUE,Mokola lyssavirus,Mononegavirales,
nipah,FALSE,viruses,Mononegavirales,Nipah henipavirus,,,,
norwalk,FALSE,viruses,Picornavirales,Norwalk virus,,,,
torque teno canis,FALSE,viruses,,Torque teno virus,,,,
barmah forest,FALSE,viruses,Martellivirales,Barmah Forest virus,,,,
bunyamwera,FALSE,viruses,Bunyavirales,Bunyamwera orthobunyavirus,,,,
crimean-congo hemorrhagic fever,FALSE,viruses,Bunyavirales,Crimean-Congo hemorrhagic fever orthonairovirus,,,,
everglades,FALSE,viruses,Martellivirales,Everglades virus,,,,
hepatitis e,FALSE,viruses,Amarillovirales,Hepacivirus C,TRUE,Orthohepevirus A,Hepelivirales,
human norovirus-alphatron,FALSE,viruses,Picornavirales,Norwalk virus,TRUE,Alphatron virus,Picornavirales,
mumps,FALSE,viruses,Mononegavirales,Mumps orthorubulavirus,,,,
murray valley encephalitis,FALSE,viruses,Amarillovirales,Murray Valley encephalitis virus,,,,
ross river,FALSE,viruses,,Ross virus,TRUE,Ross River virus,Martellivirales,
sandfly fever sicilian,FALSE,viruses,Bunyavirales,Sicilian phlebovirus,,,,
wesselsbron,FALSE,viruses,Amarillovirales,Wesselsbron virus,,,,
mayaro,FALSE,viruses,Martellivirales,Mayaro virus,,,,
yellow fever,FALSE,viruses,Amarillovirales,Yellow fever virus,,,,
great island,FALSE,viruses,Reovirales,Great Island virus,,,,
bse agent,FALSE,viruses,Reovirales,Rotavirus B,TRUE,NA,NA,not a virus
encephalomyocarditis,FALSE,viruses,Picornavirales,Cardiovirus A,,,,
feline foamy,FALSE,viruses,Ortervirales,Feline foamy virus,,,,
feline sarcoma,FALSE,viruses,Ortervirales,Feline leukemia virus,,,,
human adenovirus c,FALSE,viruses,Rowavirales,Human mastadenovirus G,TRUE,Human mastadenovirus C,,
orthohepevirus a,FALSE,viruses,Hepelivirales,Orthohepevirus D,TRUE,Orthohepevirus A,Hepelivirales,
puumala,FALSE,viruses,Bunyavirales,Puumala orthohantavirus,,,,
seoul,FALSE,viruses,Bunyavirales,Seoul orthohantavirus,,,,
torque teno felis,FALSE,viruses,,Torque teno virus,,,,
junin,FALSE,viruses,Bunyavirales,Argentinian mammarenavirus,,,,
cardiovirus b,FALSE,viruses,Picornavirales,Cardiovirus A,TRUE,Cardiovirus B,Picornavirales,
murine leukemia,FALSE,viruses,Ortervirales,Murine leukemia virus,,,,
foot-and-mouth disease,FALSE,viruses,Picornavirales,Foot-and-mouth disease virus,,,,
aleutian mink disease,FALSE,viruses,Piccovirales,Carnivore amdoparvovirus 1,,,,
louping ill,FALSE,viruses,Amarillovirales,Louping ill virus,,,,
skunkpox,FALSE,viruses,Chitovirales,Skunkpox virus,,,,
western equine encephalitis,FALSE,viruses,Martellivirales,Western equine encephalitis virus,,,,
southern elephant seal,FALSE,viruses,Martellivirales,Southern elephant seal virus,,,,
lymphocytic choriomeningitis,FALSE,viruses,Bunyavirales,Lymphocytic choriomeningitis mammarenavirus,,,,
rabbit hemorrhagic disease,FALSE,viruses,Picornavirales,Rabbit hemorrhagic disease virus,,,,
sendai,FALSE,viruses,Mononegavirales,Murine respirovirus,,,,
aichivirus b,FALSE,viruses,Picornavirales,Aichivirus F,TRUE,Aichivirus B,Picornavirales,
orthohepevirus c,FALSE,viruses,Hepelivirales,Orthohepevirus D,TRUE,Orthohepevirus C,Hepelivirales,
rotavirus c,FALSE,viruses,Reovirales,Rotavirus L,TRUE,Rotavirus C,Reovirales,
ilheus,FALSE,viruses,Amarillovirales,Ilheus virus,,,,
monkeypox,FALSE,viruses,Chitovirales,Monkeypox virus,,,,
simbu,FALSE,viruses,Bunyavirales,Simbu orthobunyavirus,,,,
sealpox,FALSE,viruses,Chitovirales,Variola virus,TRUE,Seal parapoxvirus,Chitovirales,
bhanja,FALSE,viruses,Bunyavirales,Bhanja bandavirus,,,,
sandfly fever naples,FALSE,viruses,Bunyavirales,Naples phlebovirus,,,,
sindbis,FALSE,viruses,Martellivirales,Sindbis virus,,,,
ectromelia,FALSE,viruses,Chitovirales,Ectromelia virus,,,,
trubanaman,FALSE,viruses,Bunyavirales,Trubanaman virus,,,,
sapporo,FALSE,viruses,Picornavirales,Sapporo virus,,,,
torque teno zalophus,FALSE,viruses,,Torque teno zalophus virus 1,,,,
akabane,FALSE,viruses,Bunyavirales,Akabane orthobunyavirus,,,,
bovine ephemeral fever,FALSE,viruses,Mononegavirales,Bovine fever ephemerovirus,,,,
bovine respiratory syncytial,FALSE,viruses,Mononegavirales,Bovine orthopneumovirus,,,,
lumpy skin disease,FALSE,viruses,Chitovirales,Lumpy skin disease virus,,,,
rinderpest,FALSE,viruses,Mononegavirales,Rinderpest morbillivirus,,,,
tick-borne encephalitis,FALSE,viruses,Amarillovirales,Tick-borne encephalitis virus,,,,
epizootic hemorrhagic disease,FALSE,viruses,Reovirales,Epizootic hemorrhagic disease virus,,,,
border disease,FALSE,viruses,Amarillovirales,Pestivirus D,,,,
enterovirus f,FALSE,viruses,Picornavirales,Enterovirus E,TRUE,Enterovirus F,Picornavirales,
bovine immunodeficiency,FALSE,viruses,Ortervirales,Bovine immunodeficiency virus,,,,
adelaide river,FALSE,viruses,Mononegavirales,Adelaide River ephemerovirus,,,,
adeno-associated virus-2,FALSE,viruses,Piccovirales,Adeno-associated dependoparvovirus A,,,,
anopheles b,FALSE,viruses,Picornavirales,Anopheles C virus,TRUE,Anopheles B virus,Bunyavirales,
banna,FALSE,viruses,Reovirales,Banna virus,,,,
banzi,FALSE,viruses,Amarillovirales,Banzi virus,,,,
berrimah,FALSE,viruses,Mononegavirales,Berrimah ephemerovirus,,,,
bovine adenovirus a,FALSE,viruses,Rowavirales,Bovine mastadenovirus B,TRUE,Bovine mastadenovirus A,Rowavirales,
bovine adenovirus b,FALSE,viruses,Rowavirales,Bovine mastadenovirus B,,,,
bovine adenovirus c,FALSE,viruses,Rowavirales,Bovine mastadenovirus B,TRUE,Bovine mastadenovirus C,Rowavirales,
bovine adenovirus d,FALSE,viruses,Rowavirales,Bovine mastadenovirus B,TRUE,Bovine mastadenovirus D,Rowavirales,
bovine adenovirus e,FALSE,viruses,Rowavirales,Bovine mastadenovirus B,TRUE,Bovine mastadenovirus E,Rowavirales,
bovine enteric calicivirus strain nb,FALSE,viruses,Picornavirales,Norwalk virus,,,,
bovine foamy,FALSE,viruses,Ortervirales,Bovine foamy virus,,,,
bovine leukemia,FALSE,viruses,Ortervirales,Bovine leukemia virus,,,,
bovine norovirus-ch126,FALSE,viruses,Nidovirales,Bovine torovirus,TRUE,Norwalk virus,Picornavirales,
bovine norovirus-jena,FALSE,viruses,Nidovirales,Bovine torovirus,TRUE,Norwalk virus,Picornavirales,
bovine papular stomatitis,FALSE,viruses,Chitovirales,Bovine papular stomatitis virus,,,,
bovine reovirus,FALSE,viruses,Picornavirales,Bovine nebovirus,TRUE,Mammalian orthoreovirus,Reovirales,
bovine rhinitis a,FALSE,viruses,Picornavirales,Bovine rhinitis B virus,TRUE,Bovine rhinitis A virus,Picornavirales,
bovine rhinitis b,FALSE,viruses,Picornavirales,Bovine rhinitis B virus,,,,
buffalopox,FALSE,viruses,Chitovirales,Vaccinia virus,,,,
chandipura,FALSE,viruses,Mononegavirales,Chandipura vesiculovirus,,,,
chobar gorge,FALSE,viruses,Reovirales,Chobar Gorge virus,,,,
classical swine fever,FALSE,viruses,Amarillovirales,Pestivirus C,,,,
coastal plains,FALSE,viruses,Mononegavirales,Coastal Plains tibrovirus,,,,
corriparta,FALSE,viruses,Reovirales,Corriparta virus,,,,
dera ghazi khan,FALSE,viruses,Bunyavirales,Dera Ghazi Khan orthonairovirus,,,,
dhori,FALSE,viruses,Articulavirales,Dhori thogotovirus,,,,
dugbe,FALSE,viruses,Bunyavirales,Dugbe orthonairovirus,,,,
gan gan,FALSE,viruses,Bunyavirales,Gan Gan virus,,,,
hepatitis b,FALSE,viruses,Amarillovirales,Hepacivirus C,TRUE,Hepatitis B virus,Blubervirales,
ife,FALSE,viruses,Herpesvirales,African elephant endotheliolytic herpesvirus,TRUE,Ife virus,Reovirales,
kadam,FALSE,viruses,Amarillovirales,Kadam virus,,,,
kokobera,FALSE,viruses,Amarillovirales,Kokobera virus,,,,
koongol,FALSE,viruses,Bunyavirales,Koongol orthobunyavirus,,,,
kotonkan,FALSE,viruses,Mononegavirales,Kotonkan ephemerovirus,,,,
main drain virus,FALSE,viruses,Bunyavirales,Main Drain orthobunyavirus,,,,
newbury-1,FALSE,viruses,Picornavirales,Newbury 1 virus,,,,
ngaingan,FALSE,viruses,Mononegavirales,Ngaingan hapavirus,,,,
o'nyong-nyong,FALSE,viruses,Martellivirales,Onyong-nyong virus,,,,
orf,FALSE,viruses,Patatavirales,Ornithogalum mosaic virus,TRUE,Orf virus,Chitovirales,
orungo,FALSE,viruses,Reovirales,Orungo virus,,,,
ovine adenovirus a,FALSE,viruses,Rowavirales,Ovine mastadenovirus C,TRUE,Ovine mastadenovirus A,Rowavirales,
palyam,FALSE,viruses,Reovirales,Palyam virus,,,,
pseudocowpox,FALSE,viruses,Chitovirales,Pseudocowpox virus,,,,
rotavirus b,FALSE,viruses,Reovirales,Rotavirus L,TRUE,Rotavirus B,Reovirales,
royal farm,FALSE,viruses,Amarillovirales,Royal Farm virus,,,,
sathuperi,FALSE,viruses,Bunyavirales,Sathuperi orthobunyavirus,,,,
semliki forest,FALSE,viruses,Martellivirales,Semliki Forest virus,,,,
seneca valley,FALSE,viruses,Picornavirales,Senecavirus A,,,,
sepik,FALSE,viruses,Amarillovirales,Sepik virus,,,,
shamonda,FALSE,viruses,Bunyavirales,Shamonda orthobunyavirus,,,,
shuni,FALSE,viruses,Bunyavirales,Shuni orthobunyavirus,,,,
tibrogargan,FALSE,viruses,Mononegavirales,Tibrogargan tibrovirus,,,,
torque teno,FALSE,viruses,,Torque teno virus,,,,
upolu,FALSE,viruses,Articulavirales,Upolu virus,,,,
uukuniemi,FALSE,viruses,Bunyavirales,Uukuniemi uukuvirus,,,,
vesicular stomatitis,FALSE,viruses,Mononegavirales,Vesicular stomatitis virus,,,,
vesicular stomatitis alagoas,FALSE,viruses,Mononegavirales,Alagoas vesiculovirus,,,,
wad medani,FALSE,viruses,Reovirales,Wad Medani virus,,,,
wongorr,FALSE,viruses,Reovirales,Wongorr virus,,,,
yunnan,FALSE,viruses,Reovirales,Yunnan orbivirus,,,,
bivens arm,FALSE,viruses,Mononegavirales,Tibrogargan tibrovirus,,,,
cacipacore,FALSE,viruses,Amarillovirales,Cacipacore virus,,,,
caraparu,FALSE,viruses,Bunyavirales,Carapha virus,TRUE,Caraparu virus,Bunyavirales,
catu,FALSE,viruses,Nidovirales,Alphamesonivirus 1,TRUE,Catu orthobunyavirus,Bunyavirales,
guaroa,FALSE,viruses,Bunyavirales,Guaroa orthobunyavirus,,,,
oropouche,FALSE,viruses,Bunyavirales,Oropouche orthobunyavirus,,,,
tacaiuma,FALSE,viruses,Bunyavirales,Tacaiuma orthobunyavirus,,,,
camelpox,FALSE,viruses,Chitovirales,Camelpox virus,,,,
chenuda,FALSE,viruses,Reovirales,Chenuda virus,,,,
equine rhinitis a,FALSE,viruses,Picornavirales,Erbovirus A,TRUE,Equine rhinitis A virus,Picornavirales,
caprine arthritis encephalitis,FALSE,viruses,Ortervirales,Caprine arthritis encephalitis virus,,,,
eyach,FALSE,viruses,Reovirales,Eyach coltivirus,,,,
getah,FALSE,viruses,Martellivirales,Getah virus,,,,
goatpox,FALSE,viruses,Chitovirales,Goatpox virus,,,,
ovine adenovirus d,FALSE,viruses,Rowavirales,Ovine mastadenovirus C,TRUE,Ovine atadenovirus D,Rowavirales,
salehabad,FALSE,viruses,Bunyavirales,Salehabad phlebovirus,,,,
sheeppox,FALSE,viruses,Chitovirales,Sheeppox virus,,,,
visna/maedi,FALSE,viruses,Ortervirales,Visna-maedi virus,,,,
goat adenovirus,FALSE,viruses,Rowavirales,Ovine atadenovirus D,TRUE,Ovine atadenovirus D,Rowavirales,
deer adenovirus,FALSE,viruses,Rowavirales,Lemur adenovirus,TRUE,Deer atadenovirus A,Rowavirales,
red deer parapoxvirus new zealand,FALSE,viruses,Chitovirales,Parapoxvirus of red deer in New Zealand,,,,
thiafora,FALSE,viruses,Bunyavirales,Thiafora orthonairovirus,,,,
deerpox virus w-848-83,FALSE,viruses,Chitovirales,Mule deerpox virus,,,,
african swine fever,FALSE,viruses,Asfuvirales,African swine fever virus,,,,
klamath,FALSE,viruses,Mononegavirales,Klamath tupavirus,,,,
ovine respiratory syncytial,FALSE,viruses,Mononegavirales,Ovine respiratory syncytial virus,,,,
middelburg,FALSE,viruses,Martellivirales,Middelburg virus,,,,
ovine adenovirus b,FALSE,viruses,Rowavirales,Ovine mastadenovirus C,TRUE,Ovine mastadenovirus B,Rowavirales,
porcine enterovirus b,FALSE,viruses,Picornavirales,Enterovirus G,,,,
rupicapra gammaherpesvirus 1,FALSE,viruses,Herpesvirales,Ruminantia gammaherpesvirus 1,TRUE,Rupicapra rupicapra gammaherpesvirus 1,Herpesvirales,
aichivirus c,FALSE,viruses,Picornavirales,Aichivirus F,TRUE,Aichivirus C,Picornavirales,
cosavirus a,FALSE,viruses,Picornavirales,Cosavirus F,TRUE,Cosavirus A,Picornavirales,
enterovirus b,FALSE,viruses,Picornavirales,Enterovirus E,TRUE,Enterovirus B,Picornavirales,
manzanilla,FALSE,viruses,Bunyavirales,Manzanilla orthobunyavirus,,,,
menangle,FALSE,viruses,Mononegavirales,Menangle pararubulavirus,,,,
ndumu,FALSE,viruses,Martellivirales,Ndumu virus,,,,
newcastle disease,FALSE,viruses,Mononegavirales,Avian orthoavulavirus 1,,,,
porcine adenovirus a,FALSE,viruses,Rowavirales,Porcine mastadenovirus C,TRUE,Porcine mastadenovirus A,Rowavirales,
porcine adenovirus b,FALSE,viruses,Rowavirales,Porcine mastadenovirus C,TRUE,Porcine mastadenovirus B,Rowavirales,
porcine adenovirus c,FALSE,viruses,Rowavirales,Porcine mastadenovirus C,,,,
porcine enterovirus a,FALSE,viruses,Picornavirales,Enterovirus G,,,,
porcine epidemic diarrhea,FALSE,viruses,Nidovirales,Porcine epidemic diarrhea virus,,,,
porcine hemagglutinating encephalomyelitis,FALSE,viruses,Nidovirales,Betacoronavirus 1,TRUE,Porcine hemagglutinating encephalomyelitis virus,Nidovirales,
rotavirus e,FALSE,viruses,Reovirales,Rotavirus L,,,,unclassified rotavirus
rotavirus h,FALSE,viruses,Reovirales,Rotavirus L,TRUE,Rotavirus H,Reovirales,
suid herpesvirus 3,FALSE,viruses,Herpesvirales,Suid betaherpesvirus 2,TRUE,suid gammaherpesvirus 3,Herpesvirales,
suid herpesvirus 4,FALSE,viruses,Herpesvirales,Suid betaherpesvirus 2,TRUE,suid gammaherpesvirus 4,Herpesvirales,
suid herpesvirus 5,FALSE,viruses,Herpesvirales,Suid betaherpesvirus 2,TRUE,suid gammaherpesvirus 5,Herpesvirales,
swine vesicular disease,FALSE,viruses,Picornavirales,Enterovirus B,TRUE,Swine vesicular disease virus,Picornavirales,
swinepox,FALSE,viruses,Chitovirales,Swinepox virus,,,,
transmissible gastroenteritis,FALSE,viruses,Nidovirales,Alphacoronavirus 1,TRUE,Transmissible gastroenteritis virus,Nidovirales,
equine arteritis,FALSE,viruses,Nidovirales,Alphaarterivirus equid,TRUE,Equine arteritis virus,Nidovirales,
bimiti,FALSE,viruses,Bunyavirales,Bimiti orthobunyavirus,,,,
dengue,FALSE,viruses,Amarillovirales,Dengue virus,,,,
guama,FALSE,viruses,Bunyavirales,Guama orthobunyavirus,,,,
rio bravo,FALSE,viruses,Amarillovirales,Rio Bravo virus,,,,
tamana bat,FALSE,viruses,Amarillovirales,Tamana bat virus,,,,
marituba,FALSE,viruses,Bunyavirales,Marituba orthobunyavirus,,,,
tacaribe,FALSE,viruses,Bunyavirales,Tacaribe mammarenavirus,,,,
itaporanga,FALSE,viruses,Bunyavirales,Itaporanga phlebovirus,,,,
jurona,FALSE,viruses,Mononegavirales,Jurona vesiculovirus,,,,
oriboca,FALSE,viruses,Bunyavirales,Oriboca orthobunyavirus,,,,
mucambo,FALSE,viruses,Martellivirales,Mucambo virus,,,,
kaeng khoi,FALSE,viruses,Bunyavirales,Kaeng Khoi orthobunyavirus,,,,
bukalasa bat,FALSE,viruses,Amarillovirales,Bukalasa bat virus,,,,
chikungunya,FALSE,viruses,Martellivirales,Chikungunya virus,,,,
dakar bat,FALSE,viruses,Amarillovirales,Dakar bat virus,,,,
entebbe bat,FALSE,viruses,Amarillovirales,Entebbe bat virus,,,,
carey island,FALSE,viruses,Amarillovirales,Carey Island virus,,,,
issyk-kul,FALSE,viruses,Bunyavirales,Issyk-Kul virus,,,,
jugra,FALSE,viruses,Amarillovirales,Jugra virus,,,,
phnom penh bat,FALSE,viruses,Amarillovirales,Phnom Penh bat virus,,,,
kyasanur forest disease,FALSE,viruses,Amarillovirales,Kyasanur Forest disease virus,,,,
bat adenovirus a,FALSE,viruses,Rowavirales,Bat adenovirus 1,TRUE,Bat mastadenovirus A,Rowavirales,
hendra,FALSE,viruses,Mononegavirales,Hendra henipavirus,,,,
usutu,FALSE,viruses,Amarillovirales,Usutu virus,,,,
hantaan,FALSE,viruses,Bunyavirales,Hantaan orthohantavirus,,,,
bat coronavirus hku5,FALSE,viruses,Nidovirales,Bat coronavirus TM5,TRUE,Pipistrellus bat coronavirus HKU5,Nidovirales,
bat hepatitis,FALSE,viruses,Amarillovirales,Bat hepacivirus,TRUE,Bat hepatitis virus,Blubervirales,
yokose,FALSE,viruses,Amarillovirales,Yokose virus,,,,
duvenhage,FALSE,viruses,Mononegavirales,Duvenhage lyssavirus,,,,
west caucasian bat,FALSE,viruses,Mononegavirales,West Caucasian bat lyssavirus,,,,
irkut,FALSE,viruses,Mononegavirales,Irkut lyssavirus,,,,
aravan,FALSE,viruses,Mononegavirales,Aravan lyssavirus,,,,
montana myotis leukoencephalitis,FALSE,viruses,Amarillovirales,Montana myotis leukoencephalitis virus,,,,
khujand,FALSE,viruses,Mononegavirales,Khujand lyssavirus,,,,
kern canyon,FALSE,viruses,Mononegavirales,Kern Canyon ledantevirus,,,,
saboya,FALSE,viruses,Mononegavirales,Zaire ebolavirus,TRUE,Saboya virus,Amarillovirales,
hepatitis c,FALSE,viruses,Amarillovirales,Hepacivirus C,,,,
cocal,FALSE,viruses,Mononegavirales,Cocal vesiculovirus,,,,
bat adenovirus b,FALSE,viruses,Rowavirales,Bat adenovirus 1,TRUE,Bat mastadenovirus B,Rowavirales,
gb virus d,FALSE,viruses,Amarillovirales,Hepatitis GB virus B,TRUE,Pegivirus B,Amarillovirales,
tioman,FALSE,viruses,Mononegavirales,Tioman pararubulavirus,,,,
bat coronavirus hku2,FALSE,viruses,Nidovirales,Bat coronavirus 512,TRUE,Rhinolophus bat coronavirus HKU2,Nidovirales,
mount elgon bat,FALSE,viruses,Mononegavirales,Mount Elgon bat ledantevirus,,,,
kasokero,FALSE,viruses,Bunyavirales,Kasokero orthonairovirus,,,,
yogue,FALSE,viruses,Bunyavirales,Yogue virus,,,,
bat coronavirus hku9,FALSE,viruses,Nidovirales,Rousettus bat coronavirus HKU9,,,,
qalyub,FALSE,viruses,Bunyavirales,Qalyub orthonairovirus,,,,
mapuera,FALSE,viruses,Mononegavirales,Mapuera orthorubulavirus,,,,
japanaut,FALSE,viruses,Reovirales,Japanaut virus,,,,
bat coronavirus hku4,FALSE,viruses,Nidovirales,Tylonycteris bat coronavirus HKU4,,,,
carajas,FALSE,viruses,Mononegavirales,Carajas vesiculovirus,,,,
changuinola,FALSE,viruses,Reovirales,Changuinola virus,,,,
capim,FALSE,viruses,Bunyavirales,Capim orthobunyavirus,,,,
cabassou,FALSE,viruses,Martellivirales,Cabassou virus,,,,
guajara,FALSE,viruses,Bunyavirales,Guajara orthobunyavirus,,,,
araguari,FALSE,viruses,Articulavirales,Araguari virus,,,,
eubenangee,FALSE,viruses,Reovirales,Eubenangee virus,,,,
wallal,FALSE,viruses,Reovirales,Wallal virus,,,,
warrego,FALSE,viruses,Reovirales,Warrego virus,,,,
edge hill,FALSE,viruses,Amarillovirales,Edge Hill virus,,,,
molluscum contagiosum,FALSE,viruses,Chitovirales,Molluscum contagiosum virus,,,,
whataroa,FALSE,viruses,Martellivirales,Whataroa virus,,,,
murid herpesvirus 7,FALSE,viruses,Herpesvirales,Murid betaherpesvirus 1,TRUE,murid gammaherpesvirus 7,Herpesvirales,
dobrava-belgrade,FALSE,viruses,Bunyavirales,Dobrava-Belgrade orthohantavirus,,,,
omsk,FALSE,viruses,Algavirales,Ostreococcus mediterraneus virus 1,TRUE,Omsk hemorrhagic fever virus,Amarillovirales,
thottapalayam,FALSE,viruses,Bunyavirales,Thottopalayam thottimvirus,,,,
turlock,FALSE,viruses,Bunyavirales,Turlock orthobunyavirus,,,,
hare fibroma,FALSE,viruses,Chitovirales,Rabbit fibroma virus,,,,
european brown hare syndrome,FALSE,viruses,Picornavirales,European brown hare syndrome virus,,,,
myxoma,FALSE,viruses,Chitovirales,Myxoma virus,,,,
lapine parvovirus,FALSE,viruses,Piccovirales,Carnivore protoparvovirus 1,TRUE,unclassified Protoparvovirus,Piccovirales,
rabbit fibroma,FALSE,viruses,Chitovirales,Rabbit fibroma virus,,,,
rabbit kidney vacuolating,FALSE,viruses,Sepolyvirales,Rabbit kidney vacuolating virus,,,,
bwamba,FALSE,viruses,Bunyavirales,Bwamba orthobunyavirus,,,,
equine encephalosis,FALSE,viruses,Reovirales,Equine encephalosis virus,,,,
anopheles a,FALSE,viruses,Picornavirales,Anopheles C virus,TRUE,Anopheles A virus,Bunyavirales,
equine adenovirus a,FALSE,viruses,Rowavirales,Equine mastadenovirus A,,,,
equine adenovirus b,FALSE,viruses,Rowavirales,Equine mastadenovirus A,TRUE,Equine mastadenovirus B,Rowavirales,
equine foamy,FALSE,viruses,Ortervirales,Equine foamy virus,,,,
equine rhinitis b,FALSE,viruses,Picornavirales,Erbovirus A,,,,
highlands j,FALSE,viruses,Martellivirales,Highlands J virus,,,,
madariaga,FALSE,viruses,Martellivirales,Madariaga virus,,,,
peruvian horse sickness,FALSE,viruses,Reovirales,Peruvian horse sickness virus,,,,
una,FALSE,viruses,Martellivirales,Una virus,,,,
equus zebra gammaherpesvirus 2,FALSE,viruses,Herpesvirales,Equus zebra gammaherpesvirus 1,,,,
punta toro,FALSE,viruses,Bunyavirales,Punta Toro phlebovirus,,,,
simian foamy,FALSE,viruses,Ortervirales,Simian foamy virus,,,,
simian immunodeficiency,FALSE,viruses,Ortervirales,Simian immunodeficiency virus,,,,
aroa,FALSE,viruses,Nidovirales,Avian coronavirus,TRUE,Aroa virus,Amarillovirales,
measles,FALSE,viruses,Mononegavirales,Measles morbillivirus,,,,
gb virus a,FALSE,viruses,Amarillovirales,Hepatitis GB virus B,TRUE,Pegivirus A,Amarillovirales,
gb virus b,FALSE,viruses,Amarillovirales,Hepatitis GB virus B,,,,
hepatitis a,FALSE,viruses,Amarillovirales,Hepacivirus C,TRUE,Hepatovirus A,Picornavirales,
torque teno douroucouli,FALSE,viruses,,Torque teno douroucouli virus,,,,
human respiratory syncytial,FALSE,viruses,Mononegavirales,Human orthopneumovirus,,,,
enterovirus a,FALSE,viruses,Picornavirales,Enterovirus E,TRUE,Enterovirus A,Picornavirales,
enterovirus j,FALSE,viruses,Picornavirales,Enterovirus E,TRUE,Enterovirus J,Picornavirales,
simian hemorrhagic fever,FALSE,viruses,Nidovirales,Deltaarterivirus hemfev,TRUE,Simian hemorrhagic fever virus,Nidovirales,
uganda s,FALSE,viruses,Amarillovirales,Uganda S virus,,,,
simian virus 10,FALSE,viruses,Sepolyvirales,Simian virus 12,TRUE,Human respirovirus 3,Mononegavirales,
adeno-associated virus-1,FALSE,viruses,Piccovirales,Adeno-associated dependoparvovirus A,,,,
african green monkey simian foamy,FALSE,viruses,Ortervirales,African green monkey simian foamy virus,,,,
mason-pfizer monkey,FALSE,viruses,Ortervirales,Mason-Pfizer monkey virus,,,,
yaba monkey tumor,FALSE,viruses,Chitovirales,Yaba monkey tumor virus,,,,
tanapox,FALSE,viruses,Chitovirales,Tanapox virus,,,,
cercopithecine herpesvirus 14,FALSE,viruses,Herpesvirales,Macacine alphaherpesvirus 1,TRUE,Cercopithecine herpesvirus 14,Herpesvirales,no match in NCBI Taxonomy
enterovirus c,FALSE,viruses,Picornavirales,Enterovirus E,TRUE,Enterovirus C,Picornavirales,
human papillomavirus cand90,FALSE,viruses,Zurhausenvirales,Alphapapillomavirus 14,TRUE,Human papillomavirus type 90,Zurhausenvirales,
human adenovirus b,FALSE,viruses,Rowavirales,Human mastadenovirus G,TRUE,Human mastadenovirus B,Rowavirales,
enterovirus d,FALSE,viruses,Picornavirales,Enterovirus E,TRUE,Enterovirus D,Picornavirales,
human adenovirus e,FALSE,viruses,Rowavirales,Human mastadenovirus G,TRUE,Human mastadenovirus E,Rowavirales,
human adenovirus f,FALSE,viruses,Rowavirales,Human mastadenovirus G,TRUE,Human mastadenovirus F,Rowavirales,
primate t-lymphotropic virus 4,FALSE,viruses,Ortervirales,Primate T-lymphotropic virus 1,TRUE,Human T-lymphotropic virus 4,Ortervirales,
adeno-associated virus-5,FALSE,viruses,Piccovirales,Adeno-associated dependoparvovirus B,TRUE,Adeno-associated virus - 5,Piccovirales,
apoi,FALSE,viruses,Nidovirales,Avian coronavirus,TRUE,Apoi virus,Amarillovirales,
bagaza,FALSE,viruses,Amarillovirales,Bagaza virus,,,,
bakau,FALSE,viruses,Bunyavirales,Bakau orthobunyavirus,,,,
bangui,FALSE,viruses,Bunyavirales,Bangui virus,,,,
bayou,FALSE,viruses,Bunyavirales,Bayou orthohantavirus,,,,
bk polyomavirus,FALSE,viruses,Sepolyvirales,Human polyomavirus 1,,,,
black creek canal,FALSE,viruses,Bunyavirales,Black Creek Canal orthohantavirus,,,,
bouboui,FALSE,viruses,Amarillovirales,Bouboui virus,,,,
bujaru,FALSE,viruses,Bunyavirales,Bujaru phlebovirus,,,,
chagres,FALSE,viruses,Bunyavirales,Chagres phlebovirus,,,,
chapare,FALSE,viruses,Bunyavirales,Chapare mammarenavirus,,,,
egla,FALSE,viruses,Mononegavirales,Zaire ebolavirus,TRUE,Zegla orthobunyavirus,Bunyavirales,
flexal,FALSE,viruses,Bunyavirales,Flexal mammarenavirus,,,,
gadgets gully,FALSE,viruses,Amarillovirales,Gadgets Gully virus,,,,
gb virus c,FALSE,viruses,Amarillovirales,Hepatitis GB virus B,TRUE,GB virus C,Amarillovirales,
gibbon ape leukemia,FALSE,viruses,Ortervirales,Gibbon ape leukemia virus,,,,
guanarito,FALSE,viruses,Bunyavirales,Guanarito mammarenavirus,,,,
hepatitis delta,FALSE,viruses,,Hepatitis delta virus,,,,
hughes,FALSE,viruses,Bunyavirales,Hughes orthonairovirus,,,,
human adenovirus a,FALSE,viruses,Rowavirales,Human mastadenovirus E,TRUE,Human mastadenovirus A,Rowavirales,
human adenovirus d,FALSE,viruses,Rowavirales,Human mastadenovirus B,TRUE,Human mastadenovirus D,Rowavirales,
human coronavirus oc43,FALSE,viruses,Nidovirales,Betacoronavirus 1,TRUE,Human coronavirus OC43,Nidovirales,
human mastadenovirus g,FALSE,viruses,Rowavirales,Human mastadenovirus C,TRUE,Human mastadenovirus G,Rowavirales,
human papillomavirus 71,FALSE,viruses,Zurhausenvirales,Gammapapillomavirus 11,TRUE,Human papillomavirus type 71,Zurhausenvirales,
human papillomavirus cand92,FALSE,viruses,Zurhausenvirales,Betapapillomavirus 4,,,,
human papillomavirus cand96,FALSE,viruses,Zurhausenvirales,Betapapillomavirus 5,,,,
human parvovirus b19,FALSE,viruses,Piccovirales,Primate erythroparvovirus 1,,,,
human rhinovirus a,FALSE,viruses,Picornavirales,Rhinovirus A,,,,
human rhinovirus b,FALSE,viruses,Picornavirales,Rhinovirus A,TRUE,Rhinovirus B,Picornavirales,
human rhinovirus c,FALSE,viruses,Picornavirales,Rhinovirus A,TRUE,Rhinovirus C,Picornavirales,
isfahan,FALSE,viruses,Mononegavirales,Isfahan vesiculovirus,,,,
jc polyomavirus,FALSE,viruses,Sepolyvirales,Human polyomavirus 2,,,,
kedougou,FALSE,viruses,Amarillovirales,Kedougou virus,,,,
koutango,FALSE,viruses,Amarillovirales,Koutango virus,,,,
laguna negra,FALSE,viruses,Bunyavirales,Laguna Negra orthohantavirus,,,,
lassa,FALSE,viruses,Bunyavirales,Lassa mammarenavirus,,,,
lebombo,FALSE,viruses,Reovirales,Lebombo virus,,,,
ljungan,FALSE,viruses,Picornavirales,Parechovirus B,,,,
lujo,FALSE,viruses,Bunyavirales,Lujo mammarenavirus,,,,
m'poko,FALSE,viruses,Bunyavirales,MPoko orthobunyavirus,,,,
machupo,FALSE,viruses,Bunyavirales,Machupo mammarenavirus,,,,
madrid,FALSE,viruses,Bunyavirales,Madrid orthobunyavirus,,,,
maraba,FALSE,viruses,Mononegavirales,Maraba vesiculovirus,,,,
modoc,FALSE,viruses,Amarillovirales,Modoc virus,,,,
mosso das pedras virus 78v3531,FALSE,viruses,Martellivirales,Mosso das Pedras virus,,,,
mouse mammary tumor,FALSE,viruses,Ortervirales,Mouse mammary tumor virus,,,,
murine pneumonia,FALSE,viruses,Mononegavirales,Murine orthopneumovirus,,,,
new york-1,FALSE,viruses,Bunyavirales,New York hantavirus,,,,
ntaya,FALSE,viruses,Amarillovirales,Ntaya virus,,,,
nyando,FALSE,viruses,Bunyavirales,Nyando orthobunyavirus,,,,
okola,FALSE,viruses,Mononegavirales,Zaire ebolavirus,TRUE,Okola virus,Bunyavirales,
pichinde,FALSE,viruses,Bunyavirales,Cali mammarenavirus,,,,
pixuna,FALSE,viruses,Martellivirales,Pixuna virus,,,,
prospect hill,FALSE,viruses,Bunyavirales,Prospect Hill orthohantavirus,,,,
quaranfil,FALSE,viruses,Articulavirales,Quaranfil quaranjavirus,,,,
rio mamore,FALSE,viruses,Bunyavirales,Rio Mamore hantavirus,,,,
rio negro,FALSE,viruses,Martellivirales,Rio Negro virus,,,,
rosavirus a,FALSE,viruses,Picornavirales,Rosavirus C,TRUE,Rosavirus A,Picornavirales,
rubella,FALSE,viruses,Hepelivirales,Rubella virus,,,,
saaremaa,FALSE,viruses,Bunyavirales,Saaremaa hantavirus,,,,
sabia,FALSE,viruses,Bunyavirales,Brazilian mammarenavirus,,,,
sangassou,FALSE,viruses,Bunyavirales,Sangassou orthohantavirus,,,,
simian enterovirus a,FALSE,viruses,Picornavirales,Enterovirus H,,,,
sin nombre,FALSE,viruses,Bunyavirales,Sin Nombre orthohantavirus,,,,
tamdy,FALSE,viruses,Patatavirales,Potato virus A,TRUE,Tamdy virus,Bunyavirales,
tamiami,FALSE,viruses,Bunyavirales,Tamiami mammarenavirus,,,,
tataguine,FALSE,viruses,Bunyavirales,Tataguine orthobunyavirus,,,,
thailand,FALSE,viruses,Bunyavirales,Thailand orthohantavirus,,,,
tonate,FALSE,viruses,Martellivirales,Tonate virus,,,,
tula,FALSE,viruses,Patatavirales,Turnip mosaic virus,TRUE,Tula orthohantavirus,Bunyavirales,
variola,FALSE,viruses,Chitovirales,Variola virus,,,,
wanowrie,FALSE,viruses,Bunyavirales,Wanowrie virus,,,,
whitewater arroyo,FALSE,viruses,Bunyavirales,Whitewater Arroyo mammarenavirus,,,,
woolly monkey sarcoma,FALSE,viruses,Ortervirales,Woolly monkey sarcoma virus,,,,
wyeomyia,FALSE,viruses,Bunyavirales,Wyeomyia orthobunyavirus,,,,
macaque simian foamy,FALSE,viruses,Ortervirales,Macaque simian foamy virus,,,,
simian adenovirus a,FALSE,viruses,Rowavirales,Simian adenovirus 7,TRUE,Simian mastadenovirus A,Rowavirales,
minatitlan,FALSE,viruses,Bunyavirales,Minatitlan orthobunyavirus,,,,
baboon polyomavirus 2,FALSE,viruses,Sepolyvirales,Simian virus 12,TRUE,Papio cynocephalus polyomavirus 2,Sepolyvirales,
torque teno tamarin,FALSE,viruses,,Torque teno tamarin virus,,,,
langur,FALSE,viruses,Ortervirales,Langur virus,,,,
witwatersrand,FALSE,viruses,Bunyavirales,Witwatersrand orthobunyavirus,,,,
murine adenovirus c,FALSE,viruses,Rowavirales,Murine mastadenovirus A,TRUE,Murine mastadenovirus C,Rowavirales,
ippy,FALSE,viruses,Bunyavirales,Ippy mammarenavirus,,,,
arumowot,FALSE,viruses,Bunyavirales,Arumowot phlebovirus,,,,
amapari,FALSE,viruses,Bunyavirales,Serra do Navio mammarenavirus,,,,
latino,FALSE,viruses,Bunyavirales,Latino mammarenavirus,,,,
caviid herpesvirus 1,FALSE,viruses,Herpesvirales,Gaviid herpesvirus 1,TRUE,Caviid herpesvirus 1,Herpesvirales,no match in NCBI Taxonomy
caviid herpesvirus 3,FALSE,viruses,Herpesvirales,Caviid betaherpesvirus 2,TRUE,Caviid herpesvirus 3,Herpesvirales,no match in NCBI Taxonomy
guinea pig type-c oncovirus,FALSE,viruses,Rowavirales,Guinea pig adenovirus,TRUE,Guinea pig type-c oncovirus,Ortervirales,no match in NCBI Taxonomy
yaounde,FALSE,viruses,Amarillovirales,Yaounde virus,,,,
fort morgan,FALSE,viruses,Martellivirales,Fort Morgan virus,,,,
keuraliba,FALSE,viruses,Mononegavirales,Keuraliba ledantevirus,,,,
taterapox,FALSE,viruses,Chitovirales,Taterapox virus,,,,
cupixi,FALSE,viruses,Bunyavirales,Cupixi mammarenavirus,,,,
topografov,FALSE,viruses,Bunyavirales,Topografov hantavirus,,,,
marmodid herpesvirus 1,FALSE,viruses,Herpesvirales,Macropodid alphaherpesvirus 1,TRUE,Marmodid herpesvirus 1,Herpesvirales,no match in NCBI Taxonomy
woodchuck hepatitis,FALSE,viruses,Blubervirales,Woodchuck hepatitis virus,,,,
mobala,FALSE,viruses,Mononegavirales,Zaire ebolavirus,TRUE,Mobala mammarenavirus,Bunyavirales,
mopeia,FALSE,viruses,Bunyavirales,Mopeia mammarenavirus,,,,
luna,FALSE,viruses,Patatavirales,Longan witches broom-associated virus,TRUE,Luna mammarenavirus,Bunyavirales,
cricetid herpesvirus,FALSE,viruses,Herpesvirales,Cricetid gammaherpesvirus 2,,,,
isla vista,FALSE,viruses,Picornavirales,Isla virus,TRUE,Isla Vista hantavirus,Bunyavirales,
volepox,FALSE,viruses,Chitovirales,Ectromelia virus,TRUE,Volepox virus,Chitovirales,
khabarovsk,FALSE,viruses,Bunyavirales,Khabarovsk orthohantavirus,,,,
murid herpesvirus 5,FALSE,viruses,Herpesvirales,Murid betaherpesvirus 1,TRUE,Murid herpesvirus 5,Herpesvirales,no match in NCBI Taxonomy
acara,FALSE,viruses,Bunyavirales,Acara orthobunyavirus,,,,
avian leukosis,FALSE,viruses,Ortervirales,Avian leukosis virus,,,,
bertioga,FALSE,viruses,Bunyavirales,Bertioga orthobunyavirus,,,,
bushbush,FALSE,viruses,Bunyavirales,Bushbush orthobunyavirus,,,,
finkel-biskis-jinkins murine sarcoma,FALSE,viruses,Ortervirales,Finkel-Biskis-Jinkins murine sarcoma virus,,,,
lactate dehydrogenase-elevating,FALSE,viruses,Nidovirales,Gammaarterivirus lacdeh,,,,
langat,FALSE,viruses,Amarillovirales,Langat virus,,,,
liao ning,FALSE,viruses,Reovirales,Liao ning virus,,,,
moloney murine sarcoma,FALSE,viruses,Ortervirales,Moloney murine sarcoma virus,,,,
murine adenovirus a,FALSE,viruses,Rowavirales,Murine mastadenovirus A,,,,
murine adenovirus b,FALSE,viruses,Rowavirales,Murine mastadenovirus A,TRUE,Murine mastadenovirus B,Rowavirales,
murine hepatitis,FALSE,viruses,Nidovirales,Murine coronavirus,,,,
murine pneumotropic,FALSE,viruses,Sepolyvirales,Mus musculus polyomavirus 2,,,,
timboteua,FALSE,viruses,Bunyavirales,Timboteua orthobunyavirus,,,,
merino walk,FALSE,viruses,Bunyavirales,Merino Walk mammarenavirus,,,,
pampa,FALSE,viruses,Bunyavirales,Pampa virus,,,,
bear canyon,FALSE,viruses,Bunyavirales,Bear Canyon mammarenavirus,,,,
el moro canyon,FALSE,viruses,Bunyavirales,El Moro Canyon orthohantavirus,,,,
allpaahuayo,FALSE,viruses,Bunyavirales,Allpahuayo mammarenavirus,,,,
lechiguanas,FALSE,viruses,Bunyavirales,Andes orthohantavirus,,,,
juquitiba,FALSE,viruses,Bunyavirales,Juquitiba virus,,,,
oran,FALSE,viruses,Patatavirales,Ornithogalum mosaic virus,TRUE,Andes orthohantavirus,Bunyavirales,
ground squirrel hepatitis,FALSE,viruses,Blubervirales,Ground squirrel hepatitis virus,,,,
cowbone ridge,FALSE,viruses,Amarillovirales,Cowbone Ridge virus,,,,
san perlita,FALSE,viruses,Amarillovirales,San Perlita virus,,,,
rio segundo,FALSE,viruses,Bunyavirales,Rio Segundo hantavirus,,,,
cardiovirus c,FALSE,viruses,Picornavirales,Cardiovirus A,TRUE,Cardiovirus C,Picornavirales,
kilham rat,FALSE,viruses,Piccovirales,Rodent protoparvovirus 1,,,,
barur,FALSE,viruses,Mononegavirales,Barur ledantevirus,,,,
harvey murine sarcoma,FALSE,viruses,Ortervirales,Harvey murine sarcoma virus,,,,
kirsten murine sarcoma,FALSE,viruses,Ortervirales,Kirsten murine sarcoma virus,,,,
squirrel fibroma,FALSE,viruses,Chitovirales,Squirrel fibroma virus,,,,
squirrel adenovirus,FALSE,viruses,Rowavirales,Squirrel mastadenovirus A,,,,
cano delgadito,FALSE,viruses,Bunyavirales,Cano Delgadito orthohantavirus,,,,
jutiapa,FALSE,viruses,Amarillovirales,Jutiapa virus,,,,
muleshoe,FALSE,viruses,Bunyavirales,Muleshoe hantavirus,,,,
zegla,FALSE,viruses,Bunyavirales,Zegla orthobunyavirus,,,,
sciurid herpesvirus 1,FALSE,viruses,Herpesvirales,Silurid herpesvirus 1,,,,
sciurid herpesvirus 2,FALSE,viruses,Herpesvirales,Murid betaherpesvirus 2,TRUE,Sciurid herpesvirus 2,Herpesvirales,no match in NCBI Taxonomy
arctic squirrel hepatitis,FALSE,viruses,Blubervirales,Ground squirrel hepatitis virus,TRUE,Arctic ground squirrel hepatitis B virus,Blubervirales,
nariva,FALSE,viruses,Mononegavirales,Nariva narmovirus,,,,
torque teno tupaia,FALSE,viruses,,Torque teno tupaia virus,,,,
herpestes edwardsi,FALSE,hosts,Carnivora,Urva edwardsii,,,,
pekania pennanti pennanti,FALSE,hosts,Passeriformes,Petronia petronia,TRUE,Martes pennanti,Carnivora,
procyon pygmaeus,FALSE,hosts,Primates,Pongo pygmaeus,TRUE,Procyon pygmaeus,Carnivora,no match in NCBI Taxonomy
alcelaphus lichtensteinii,FALSE,hosts,Artiodactyla,Alcelaphus lichtensteini,,,,
bos frontalis gaurus,FALSE,hosts,Artiodactyla,Bos frontalis x Bos taurus,TRUE,Bos gaurus,Artiodactyla,
bos taurus primigenius,FALSE,hosts,Artiodactyla,Bos primigenius,,,,
bubalus bubalis arnee,FALSE,hosts,Artiodactyla,Bubalus carabanensis,TRUE,Bubalus bubalis,Artiodactyla,
lama glama guanicoe,FALSE,hosts,Artiodactyla,Lama guanicoe,,,,
mazama gouazoubira,FALSE,hosts,Artiodactyla,Mazama gouazoupira,,,,
dobsonia anderseni,FALSE,hosts,Chiroptera,Dobsonia andersoni,,,,
lyroderma lyra,FALSE,hosts,Chiroptera,Megaderma lyra,,,,
macronycteris commersonii,FALSE,hosts,Chiroptera,Macronycteris commersoni,,,,
nycteris gambiensis,FALSE,hosts,Caprimulgiformes,Nyctibius jamaicensis,TRUE,Nycteris gambiensis,Chiroptera,no match in NCBI Taxonomy
nycteris nana,FALSE,hosts,Chiroptera,Afronycteris nana,TRUE,Nycteris nana,Chiroptera,no match in NCBI Taxonomy
perimyotis subflavus subflavus,FALSE,hosts,Chiroptera,Perimyotis subflavus,,,,
tadarida condylura,FALSE,hosts,Gadiformes,Nezumia condylura,TRUE,Mops condylurus,Chiroptera,
tadarida pumila,FALSE,hosts,Chiroptera,Tadarida fulminans,TRUE,Chaerephon pumilus,Chiroptera,
dorcopsis muelleri,FALSE,hosts,Coraciiformes,Merops muelleri,TRUE,Dorcopsis muelleri,Diprotodontia,no match in NCBI Taxonomy
crocidura zaphiri,FALSE,hosts,Eulipotyphla,Crocidura pachyura,TRUE,Crocidura zaphiri,Eulipotyphla,no match in NCBI Taxonomy
cercopithecus aethiops,FALSE,hosts,Primates,Chlorocebus aethiops,,,,
lagothrix lagothricha,FALSE,hosts,Primates,Lagothrix lagotricha,,,,
piliocolobus semlikiensis,FALSE,hosts,Primates,Piliocolobus pennantii,TRUE,Piliocolobus semlikiensis,Primates,no match in NCBI Taxonomy
semnopithecus schistaceus,FALSE,hosts,Passeriformes,Thamnophilus schistaceus,TRUE,Semnopithecus schistaceus,Primates,no match in NCBI Taxonomy
coendou rothschildi,FALSE,hosts,Passeriformes,Cyanoloxia rothschildii,TRUE,Coendou rothschildi,Rodentia,no match in NCBI Taxonomy
eliomys munbyanus,FALSE,hosts,Rodentia,Eliomys quercinus,,,,
erethizon dorsatus,FALSE,hosts,Rodentia,Erethizon dorsatum,,,,
funambulus tristriatus,FALSE,hosts,Rodentia,Funambulus sublineatus,TRUE,Funambulus tristriatus,Rodentia,no match in NCBI Taxonomy
funisciurus congicus,FALSE,hosts,Rodentia,Funisciurus pyrropus,TRUE,Funisciurus congicus,Rodentia,no match in NCBI Taxonomy
funisciurus lemniscatus,FALSE,hosts,Squamata,Micrurus lemniscatus,TRUE,Funisciurus lemniscatus,Rodentia,no match in NCBI Taxonomy
gerbilliscus kempii,FALSE,hosts,Rodentia,Gerbilliscus kempi,,,,
madromys blanfordi,FALSE,hosts,Rodentia,Jaculus blanfordi,TRUE,Madromys blanfordi,Rodentia,no match in NCBI Taxonomy
meriones hurrianae,FALSE,hosts,Rodentia,Meriones meridianus,TRUE,Meriones hurrianae,Rodentia,no match in NCBI Taxonomy
pelomys isseli,FALSE,hosts,Rodentia,Melomys paveli,TRUE,Pelomys isseli,Rodentia,no match in NCBI Taxonomy
felid herpesvirus 1,TRUE,viruses,Herpesvirales,Felid alphaherpesvirus 1,,,,
feline astrovirus,TRUE,viruses,Stellavirales,Mamastrovirus 2,,,,
phocid herpesvirus 1,TRUE,viruses,Herpesvirales,Phocid alphaherpesvirus 1,,,,
phocid herpesvirus 2,TRUE,viruses,Herpesvirales,Phocid gammaherpesvirus 2,,,,
canid herpesvirus 1,TRUE,viruses,Herpesvirales,Canid alphaherpesvirus 1,,,,
canine adenovirus,TRUE,viruses,Rowavirales,Canine mastadenovirus A,,,,
suid herpesvirus 1,TRUE,viruses,Herpesvirales,Suid alphaherpesvirus 1,,,,
canine calicivirus,TRUE,viruses,Picornavirales,Canine vesivirus,,,,
canine oral papillomavirus,TRUE,viruses,Zurhausenvirales,Lambdapapillomavirus 2,,,,
human herpesvirus 4,TRUE,viruses,Herpesvirales,Human gammaherpesvirus 4,,,,
parainfluenza virus 5,TRUE,viruses,Mononegavirales,Mammalian orthorubulavirus 5,,,,
bovine herpesvirus 4,TRUE,viruses,Herpesvirales,Bovine gammaherpesvirus 4,,,,
european bat lyssavirus 1,TRUE,viruses,Mononegavirales,European bat 1 lyssavirus,,,,
feline papillomavirus,TRUE,viruses,Zurhausenvirales,Lambdapapillomavirus 1,,,,
raccoonpox,TRUE,viruses,Chitovirales,Raccoonpox virus,,,,
severe acute respiratory syndrome coronavirus,TRUE,viruses,Nidovirales,Severe acute respiratory syndrome-related coronavirus,,,,
human parainfluenza virus 3,TRUE,viruses,Mononegavirales,Human respirovirus 3,,,,
mustelid herpesvirus 1,TRUE,viruses,Herpesvirales,Mustelid gammaherpesvirus 1,,,,
human herpesvirus 2,TRUE,viruses,Herpesvirales,Human alphaherpesvirus 2,,,,
mink astrovirus,TRUE,viruses,Stellavirales,Mamastrovirus 10,,,,
bovine parainfluenza virus 3,TRUE,viruses,Mononegavirales,Bovine respirovirus 3,,,,
peste-des-petits-ruminants,TRUE,viruses,Mononegavirales,Small ruminant morbillivirus,,,,
equid herpesvirus 1,TRUE,viruses,Herpesvirales,Equid alphaherpesvirus 1,,,,
equid herpesvirus 9,TRUE,viruses,Herpesvirales,Equid alphaherpesvirus 9,,,,
alcelaphine herpesvirus 2,TRUE,viruses,Herpesvirales,Alcelaphine gammaherpesvirus 2,,,,
ovine herpesvirus 2,TRUE,viruses,Herpesvirales,Ovine gammaherpesvirus 2,,,,
alcelaphine herpesvirus 1,TRUE,viruses,Herpesvirales,Alcelaphine gammaherpesvirus 1,,,,
bovine herpesvirus 1,TRUE,viruses,Herpesvirales,Bovine alphaherpesvirus 1,,,,
caprine herpesvirus 2,TRUE,viruses,Herpesvirales,Caprine gammaherpesvirus 2,,,,
european elk papillomavirus,TRUE,viruses,Zurhausenvirales,Deltapapillomavirus 1,,,,
bovine herpesvirus 3,TRUE,viruses,Herpesvirales,Alcelaphine gammaherpesvirus 1,,,,
bovine herpesvirus 6,TRUE,viruses,Herpesvirales,Bovine gammaherpesvirus 6,,,,
bovine papillomavirus 5,TRUE,viruses,Zurhausenvirales,Epsilonpapillomavirus 1,,,,
bovine papillomavirus 1,TRUE,viruses,Zurhausenvirales,Deltapapillomavirus 4,,,,
bovine enterovirus,TRUE,viruses,Picornavirales,Enterovirus E,,,,
bovine herpesvirus 2,TRUE,viruses,Herpesvirales,Bovine alphaherpesvirus 2,,,,
bovine herpesvirus 5,TRUE,viruses,Herpesvirales,Bovine alphaherpesvirus 5,,,,
bovine papillomavirus 12,TRUE,viruses,Zurhausenvirales,Xipapillomavirus 2,,,,
bovine papillomavirus 3,TRUE,viruses,Zurhausenvirales,Xipapillomavirus 1,,,,
bovine polyomavirus,TRUE,viruses,Sepolyvirales,Bos taurus polyomavirus 1,,,,
ovine astrovirus,TRUE,viruses,Stellavirales,Mamastrovirus 13,,,,
porcine circovirus-2,TRUE,viruses,Cirlivirales,Porcine circovirus 2,,,,
bubaline herpesvirus 1,TRUE,viruses,Herpesvirales,Bubaline alphaherpesvirus 1,,,,
caprine herpesvirus 1,TRUE,viruses,Herpesvirales,Caprine alphaherpesvirus 1,,,,
cervid herpesvirus 1,TRUE,viruses,Herpesvirales,Cervid alphaherpesvirus 1,,,,
cervid herpesvirus 2,TRUE,viruses,Herpesvirales,Cervid alphaherpesvirus 2,,,,
thiafora nairovirus,TRUE,viruses,Bunyavirales,Thiafora orthonairovirus,,,,
hippotragine herpesvirus 1,TRUE,viruses,Herpesvirales,Hippotragine gammaherpesvirus 1,,,,
deer papillomavirus,TRUE,viruses,Zurhausenvirales,Deltapapillomavirus 2,,,,
ovine papillomavirus 1,TRUE,viruses,Zurhausenvirales,Deltapapillomavirus 3,,,,
phocoena spinipinnis papillomavirus,TRUE,viruses,Zurhausenvirales,Omikronpapillomavirus 1,,,,
porcine astrovirus,TRUE,viruses,Stellavirales,Mamastrovirus 3,,,,
porcine circovirus-1,TRUE,viruses,Cirlivirales,Porcine circovirus 1,,,,
porcine rubulavirus,TRUE,viruses,Mononegavirales,Porcine orthorubulavirus,,,,
porcine sapelovirus,TRUE,viruses,Picornavirales,Sapelovirus A,,,,
porcine teschovirus,TRUE,viruses,Picornavirales,Teschovirus A,,,,
suid herpesvirus 2,TRUE,viruses,Herpesvirales,Suid betaherpesvirus 2,,,,
torque teno sus virus 1,TRUE,viruses,,Torque teno sus virus 1a,,,,
torque teno sus virus 2,TRUE,viruses,,Torque teno sus virus 1b,,,,
torque teno sus virus 3,TRUE,viruses,,Torque teno sus virus k2,,,,
human herpesvirus 1,TRUE,viruses,Herpesvirales,Human alphaherpesvirus 1,,,,
shimoni bat virus,TRUE,viruses,Mononegavirales,Shimoni bat lyssavirus,,,,
european bat lyssavirus 2,TRUE,viruses,Mononegavirales,European bat 2 lyssavirus,,,,
macropodid herpesvirus 1,TRUE,viruses,Herpesvirales,Macropodid alphaherpesvirus 1,,,,
gallid herpesvirus 2,TRUE,viruses,Herpesvirales,Gallid alphaherpesvirus 2,,,,
macropodid herpesvirus 2,TRUE,viruses,Herpesvirales,Macropodid alphaherpesvirus 2,,,,
possum adenovirus,TRUE,viruses,Rowavirales,Possum atadenovirus A,,,,
cottontail rabbit papillomavirus,TRUE,viruses,Zurhausenvirales,Kappapapillomavirus 2,,,,
leporid herpesvirus 4,TRUE,viruses,Herpesvirales,Leporid alphaherpesvirus 4,,,,
rabbit oral papillomavirus,TRUE,viruses,Zurhausenvirales,Kappapapillomavirus 1,,,,
equid herpesvirus 2,TRUE,viruses,Herpesvirales,Equid gammaherpesvirus 2,,,,
equid herpesvirus 5,TRUE,viruses,Herpesvirales,Equid gammaherpesvirus 5,,,,
equid herpesvirus 7,TRUE,viruses,Herpesvirales,Equid gammaherpesvirus 7,,,,
equid herpesvirus 8,TRUE,viruses,Herpesvirales,Equid alphaherpesvirus 8,,,,
equid herpesvirus 3,TRUE,viruses,Herpesvirales,Equid alphaherpesvirus 3,,,,
equid herpesvirus 4,TRUE,viruses,Herpesvirales,Equid alphaherpesvirus 4,,,,
equine papillomavirus 1,TRUE,viruses,Zurhausenvirales,Zetapapillomavirus 1,,,,
aotine herpesvirus 1,TRUE,viruses,Herpesvirales,Aotine betaherpesvirus 1,,,,
ateline herpesvirus 3,TRUE,viruses,Herpesvirales,Ateline gammaherpesvirus 3,,,,
saimiriine herpesvirus 1,TRUE,viruses,Herpesvirales,Saimiriine alphaherpesvirus 1,,,,
saimiriine herpesvirus 2,TRUE,viruses,Herpesvirales,Saimiriine gammaherpesvirus 2,,,,
ateline herpesvirus 1,TRUE,viruses,Herpesvirales,Ateline alphaherpesvirus 1,,,,
ateline herpesvirus 2,TRUE,viruses,Herpesvirales,Ateline gammaherpesvirus 2,,,,
callitrichine herpesvirus 1,TRUE,viruses,Herpesvirales,Saguinine gammaherpesvirus 1,,,,
callitrichine herpesvirus 3,TRUE,viruses,Herpesvirales,Callitrichine gammaherpesvirus 3,,,,
macacine herpesvirus 1,TRUE,viruses,Herpesvirales,Macacine alphaherpesvirus 1,,,,
human parainfluenza virus 1,TRUE,viruses,Mononegavirales,Human respirovirus 1,,,,
human parainfluenza virus 2,TRUE,viruses,Mononegavirales,Human orthorubulavirus 2,,,,
cercopithecine herpesvirus 2,TRUE,viruses,Herpesvirales,Cercopithecine alphaherpesvirus 2,,,,
cercopithecine herpesvirus 5,TRUE,viruses,Herpesvirales,Cercopithecine betaherpesvirus 5,,,,
cercopithecine herpesvirus 9,TRUE,viruses,Herpesvirales,Cercopithecine alphaherpesvirus 9,,,,
human herpesvirus 8,TRUE,viruses,Herpesvirales,Human gammaherpesvirus 8,,,,
macacine herpesvirus 5,TRUE,viruses,Herpesvirales,Macacine gammaherpesvirus 5,,,,
simian agent virus 12,TRUE,viruses,Sepolyvirales,Simian virus 12,,,,
papiine herpesvirus 2,TRUE,viruses,Herpesvirales,Papiine alphaherpesvirus 2,,,,
pongine herpesvirus 3,TRUE,viruses,Herpesvirales,Gorilline gammaherpesvirus 1,,,,
cercopithecine herpesvirus 1,TRUE,viruses,Herpesvirales,Macacine alphaherpesvirus 1,,,,
human herpesvirus 3,TRUE,viruses,Herpesvirales,Human alphaherpesvirus 3,,,,
human herpesvirus 5,TRUE,viruses,Herpesvirales,Human betaherpesvirus 5,,,,
human herpesvirus 6,TRUE,viruses,Herpesvirales,Human betaherpesvirus 6,,,,
human herpesvirus 7,TRUE,viruses,Herpesvirales,Human betaherpesvirus 7,,,,
human papillomavirus 1,TRUE,viruses,Zurhausenvirales,Mupapillomavirus 1,,,,
human papillomavirus 10,TRUE,viruses,Zurhausenvirales,Alphapapillomavirus 2,,,,
human papillomavirus 16,TRUE,viruses,Zurhausenvirales,Alphapapillomavirus 9,,,,
human papillomavirus 18,TRUE,viruses,Zurhausenvirales,Alphapapillomavirus 7,,,,
human papillomavirus 2,TRUE,viruses,Zurhausenvirales,Alphapapillomavirus 4,,,,
human papillomavirus 26,TRUE,viruses,Zurhausenvirales,Alphapapillomavirus 5,,,,
human papillomavirus 32,TRUE,viruses,Zurhausenvirales,Alphapapillomavirus 1,,,,
human papillomavirus 34,TRUE,viruses,Zurhausenvirales,Alphapapillomavirus 11,,,,
human papillomavirus 41,TRUE,viruses,Zurhausenvirales,Nupapillomavirus 1,,,,
human papillomavirus 48,TRUE,viruses,Zurhausenvirales,Gammapapillomavirus 2,,,,
human papillomavirus 49,TRUE,viruses,Zurhausenvirales,Betapapillomavirus 3,,,,
human papillomavirus 50,TRUE,viruses,Zurhausenvirales,Gammapapillomavirus 3,,,,
human papillomavirus 53,TRUE,viruses,Zurhausenvirales,Alphapapillomavirus 6,,,,
human papillomavirus 54,TRUE,viruses,Zurhausenvirales,Alphapapillomavirus 13,,,,
human papillomavirus 6,TRUE,viruses,Zurhausenvirales,Alphapapillomavirus 10,,,,
human papillomavirus 60,TRUE,viruses,Zurhausenvirales,Gammapapillomavirus 4,,,,
human papillomavirus 61,TRUE,viruses,Zurhausenvirales,Alphapapillomavirus 3,,,,
human papillomavirus 63,TRUE,viruses,Zurhausenvirales,Mupapillomavirus 2,,,,
human papillomavirus 7,TRUE,viruses,Zurhausenvirales,Alphapapillomavirus 8,,,,
human papillomavirus 88,TRUE,viruses,Zurhausenvirales,Gammapapillomavirus 5,,,,
human parainfluenza virus 4,TRUE,viruses,Mononegavirales,Human orthorubulavirus 4,,,,
human parechovirus,TRUE,viruses,Picornavirales,Parechovirus A,,,,
papiine herpesvirus 1,TRUE,viruses,Herpesvirales,Papiine gammaherpesvirus 1,,,,
poliovirus,TRUE,viruses,Picornavirales,Enterovirus C,,,,
simian virus 40,TRUE,viruses,Sepolyvirales,Macaca mulatta polyomavirus 1,,,,
simian virus 41,TRUE,viruses,Mononegavirales,Simian orthorubulavirus,,,,
macacine herpesvirus 3,TRUE,viruses,Herpesvirales,Macacine betaherpesvirus 3,,,,
rhesus monkey papillomavirus 1,TRUE,viruses,Zurhausenvirales,Alphapapillomavirus 12,,,,
simian sapelovirus,TRUE,viruses,Picornavirales,Sapelovirus B,,,,
cercopithecine herpesvirus 15,TRUE,viruses,Herpesvirales,Macacine gammaherpesvirus 4,,,,
cercopithecine herpesvirus 17,TRUE,viruses,Herpesvirales,Macacine gammaherpesvirus 5,,,,
cercopithecine herpesvirus 8,TRUE,viruses,Herpesvirales,Macacine betaherpesvirus 3,,,,
macacine herpesvirus 4,TRUE,viruses,Herpesvirales,Macacine gammaherpesvirus 4,,,,
simian virus 5,TRUE,viruses,Mononegavirales,Mammalian orthorubulavirus 5,,,,
panine herpesvirus 1,TRUE,viruses,Herpesvirales,Panine gammaherpesvirus 1,,,,
panine herpesvirus 2,TRUE,viruses,Herpesvirales,Panine betaherpesvirus 2,,,,
pongine herpesvirus 4,TRUE,viruses,Herpesvirales,Panine betaherpesvirus 2,,,,
cercopithecine herpesvirus 16,TRUE,viruses,Herpesvirales,Papiine alphaherpesvirus 2,,,,
pongine herpesvirus 1,TRUE,viruses,Herpesvirales,Panine gammaherpesvirus 1,,,,
cercopithecine herpesvirus 12,TRUE,viruses,Herpesvirales,Papiine gammaherpesvirus 1,,,,
pongine herpesvirus 2,TRUE,viruses,Herpesvirales,Pongine gammaherpesvirus 2,,,,
saimiriine herpesvirus 4,TRUE,viruses,Herpesvirales,Saimiriine betaherpesvirus 4,,,,
elephantid herpesvirus 1,TRUE,viruses,Herpesvirales,Elephantid betaherpesvirus 1,,,,
murid herpesvirus 4,TRUE,viruses,Herpesvirales,Murid gammaherpesvirus 4,,,,
murid herpesvirus 1,TRUE,viruses,Herpesvirales,Murid betaherpesvirus 1,,,,
murid herpesvirus 2,TRUE,viruses,Herpesvirales,Murid betaherpesvirus 2,,,,
caviid herpesvirus 2,TRUE,viruses,Herpesvirales,Caviid betaherpesvirus 2,,,,
mastomys natalensis papillomavirus,TRUE,viruses,Zurhausenvirales,Iotapapillomavirus 1,,,,
hamster oral papillomavirus,TRUE,viruses,Zurhausenvirales,Pipapillomavirus 1,,,,
hamster polyomavirus,TRUE,viruses,Sepolyvirales,Mesocricetus auratus polyomavirus 1,,,,
murine polyomavirus,TRUE,viruses,Sepolyvirales,Mus musculus polyomavirus 1,,,,
murid herpesvirus 8,TRUE,viruses,Herpesvirales,Murid betaherpesvirus 8,,,,
squirrel parapoxvirus,TRUE,viruses,Chitovirales,Squirrelpox virus,,,,
tree shrew adenovirus,TRUE,viruses,Rowavirales,Tree shrew mastadenovirus A,,,,
tupaia herpesvirus,TRUE,viruses,Herpesvirales,Tupaiid betaherpesvirus 1,,,,
tupaiid herpesvirus 1,TRUE,viruses,Herpesvirales,Tupaiid betaherpesvirus 1,,,,
dusicyon thous,TRUE,hosts,Carnivora,Cerdocyon thous,,,,
felis manul,TRUE,hosts,Carnivora,Otocolobus manul,,,,
herpestes javanicus,TRUE,hosts,Carnivora,Urva javanica,,,,
herpestes sanguineus,TRUE,hosts,Carnivora,Galerella sanguinea,,,,
histriophoca fasciata,TRUE,hosts,Carnivora,Phoca fasciata,,,,
monachus schauinslandi,TRUE,hosts,Carnivora,Neomonachus schauinslandi,,,,
mustela vison,TRUE,hosts,Carnivora,Neovison vison,,,,
pagophilus groenlandicus,TRUE,hosts,Carnivora,Phoca groenlandica,,,,
uncia uncia,TRUE,hosts,Carnivora,Panthera uncia,,,,
bos grunniens mutus,TRUE,hosts,Artiodactyla,Bos mutus,,,,
bos taurus indicus,TRUE,hosts,Artiodactyla,Bos indicus,,,,
capra hircus aegagrus,TRUE,hosts,Artiodactyla,Capra aegagrus,,,,
choeropsis liberiensis,TRUE,hosts,Artiodactyla,Hexaprotodon liberiensis,,,,
ovis aries orientalis,TRUE,hosts,Artiodactyla,Ovis orientalis,,,,
physeter macrocephalus,TRUE,hosts,Artiodactyla,Physeter catodon,,,,
taurotragus oryx,TRUE,hosts,Artiodactyla,Tragelaphus oryx,,,,
lasiurus cinereus,TRUE,hosts,Chiroptera,Aeorestes cinereus,,,,
lasiurus ega,TRUE,hosts,Chiroptera,Dasypterus ega,,,,
lasiurus egregius,TRUE,hosts,Chiroptera,Aeorestes egregius,,,,
lasiurus intermedius,TRUE,hosts,Chiroptera,Dasypterus intermedius,,,,
lasiurus xanthinus,TRUE,hosts,Chiroptera,Dasypterus xanthinus,,,,
myonycteris angolensis,TRUE,hosts,Chiroptera,Lissonycteris angolensis,,,,
myotis pilosus,TRUE,hosts,Chiroptera,Myotis ricketti,,,,
rhinolophus hildebrandtii,TRUE,hosts,Chiroptera,Rhinolophus hildebrandti,,,,
tadarida plicata,TRUE,hosts,Chiroptera,Chaerephon plicatus,,,,
micoureus demerarae,TRUE,hosts,Didelphimorphia,Marmosa demerarae,,,,
macropus agilis,TRUE,hosts,Diprotodontia,Notamacropus agilis,,,,
macropus parma,TRUE,hosts,Diprotodontia,Notamacropus parma,,,,
macropus robustus,TRUE,hosts,Diprotodontia,Osphranter robustus,,,,
macropus rufogriseus,TRUE,hosts,Diprotodontia,Notamacropus rufogriseus,,,,
macropus rufus,TRUE,hosts,Diprotodontia,Osphranter rufus,,,,
equus quagga,TRUE,hosts,Perissodactyla,Equus burchellii,,,,
equus quagga burchellii,TRUE,hosts,Perissodactyla,Equus burchellii,,,,
aotus azarae,TRUE,hosts,Primates,Aotus azarai,,,,
cebuella pygmaea,TRUE,hosts,Primates,Callithrix pygmaea,,,,
cercopithecus mitis albogularis,TRUE,hosts,Primates,Cercopithecus albogularis,,,,
loxodontomys micropus,TRUE,hosts,Rodentia,Auliscomys micropus,,,,
microtus gregalis,TRUE,hosts,Rodentia,Lasiopodomys gregalis,,,,
microtus subterraneus,TRUE,hosts,Rodentia,Terricola subterraneus,,,,
necromys amoenus,TRUE,hosts,Rodentia,Bolomys amoenus,,,,
necromys lasiurus,TRUE,hosts,Rodentia,Bolomys lasiurus,,,,
